<?xml version="1.0" encoding="UTF-8"?><?mso-infoPathSolution solutionVersion="1.0.0.11" productVersion="11.0.6357" PIVersion="1.0.0.0" href="http://www.my2cents.co.nz/AcesHigh.xsn" name="urn:schemas-microsoft-com:office:infopath:AcesHigh:" language="en-au" ?><?mso-application progid="InfoPath.Document"?><aircraft xmlns:xsi="http://www.w3.org/2001/XMLSchema-instance" xmlns:my="http://schemas.microsoft.com/office/infopath/2003/myXSD/2006-01-11T22:04:29" xmlns:xd="http://schemas.microsoft.com/office/infopath/2003">
	<details>
		<type>A6M5</type>
		<fuel unit="">0</fuel>
	</details>
	<performance>
		<speed wep="off" altUnit="feet" tasUnit="mph" altFactor="96.463" tasFactor="0.641" altOffset="0" tasOffset="250">
			<smeasure>
				<altitude>0</altitude>
				<tas>66</tas>
			</smeasure>
		<smeasure>
									<altitude>102</altitude>
									<tas>128</tas>
								</smeasure><smeasure>
									<altitude>145</altitude>
									<tas>109</tas>
								</smeasure><smeasure>
									<altitude>206</altitude>
									<tas>158</tas>
								</smeasure><smeasure>
									<altitude>311</altitude>
									<tas>95</tas>
								</smeasure></speed>
		<climb wep="off" altUnit="feet" rateUnit="fps" altFactor="96.774" rateFactor="20.408" altOffset="0" rateOffset="0">
			<cmeasure>
				<altitude>0</altitude>
				<rate>167</rate>
			</cmeasure>
		<cmeasure>
									<altitude>82</altitude>
									<rate>159</rate>
								</cmeasure><cmeasure>
									<altitude>125</altitude>
									<rate>139</rate>
								</cmeasure><cmeasure>
									<altitude>165</altitude>
									<rate>136</rate>
								</cmeasure><cmeasure>
									<altitude>186</altitude>
									<rate>121</rate>
								</cmeasure><cmeasure>
									<altitude>310</altitude>
									<rate>52</rate>
								</cmeasure></climb>
    <turn>
      <turnData flapPosition="none">
        <radius>128.81</radius>
        <degPerSec>26.30</degPerSec>
        <speed>133.00</speed>
        <time>13.66</time>
      </turnData>
      <turnData flapPosition="full">
        <radius>104.12</radius>
        <degPerSec>22.80</degPerSec>
        <speed>93.00</speed>
        <time>15.8</time>
      </turnData>
    </turn>
  </performance>
</aircraft>