<?xml version="1.0" encoding="UTF-8"?><?mso-infoPathSolution solutionVersion="1.0.0.11" PIVersion="1.0.0.0" href="http://www.my2cents.co.nz/AcesHigh.xsn" name="urn:schemas-microsoft-com:office:infopath:AcesHigh:" language="en-au" productVersion="11.0.8034" ?><?mso-application progid="InfoPath.Document"?><aircraft xmlns:xsi="http://www.w3.org/2001/XMLSchema-instance" xmlns:my="http://schemas.microsoft.com/office/infopath/2003/myXSD/2006-01-11T22:04:29" xmlns:xd="http://schemas.microsoft.com/office/infopath/2003">
	<details>
		<type>BF 109F-4</type>
		<fuel unit="Gallons">0</fuel>
	</details>
	<performance>
		<speed wep="off" altUnit="feet" tasUnit="mph" altFactor="96.463" tasFactor="0.547" altOffset="0" tasOffset="275">
			<smeasure>
				<altitude>0</altitude>
				<tas>66</tas>
			</smeasure>
		<smeasure>
									<altitude>43</altitude>
									<tas>94</tas>
								</smeasure><smeasure>
									<altitude>59</altitude>
									<tas>103</tas>
								</smeasure><smeasure>
									<altitude>71</altitude>
									<tas>113</tas>
								</smeasure><smeasure>
									<altitude>82</altitude>
									<tas>117</tas>
								</smeasure><smeasure>
									<altitude>103</altitude>
									<tas>134</tas>
								</smeasure><smeasure>
									<altitude>133</altitude>
									<tas>153</tas>
								</smeasure><smeasure>
									<altitude>195</altitude>
									<tas>193</tas>
								</smeasure><smeasure>
									<altitude>211</altitude>
									<tas>201</tas>
								</smeasure><smeasure>
									<altitude>218</altitude>
									<tas>207</tas>
								</smeasure><smeasure>
									<altitude>220</altitude>
									<tas>207</tas>
								</smeasure><smeasure>
									<altitude>251</altitude>
									<tas>190</tas>
								</smeasure><smeasure>
									<altitude>274</altitude>
									<tas>180</tas>
								</smeasure><smeasure>
									<altitude>297</altitude>
									<tas>163</tas>
								</smeasure><smeasure>
									<altitude>311</altitude>
									<tas>154</tas>
								</smeasure></speed>
		<speed wep="on" altUnit="feet" tasUnit="mph" altFactor="96.463" tasFactor="0.547" altOffset="0" tasOffset="275">
									<smeasure>
										<altitude>0</altitude>
										<tas>107</tas>
									</smeasure>
								<smeasure>
									<altitude>39</altitude>
									<tas>133</tas>
								</smeasure><smeasure>
									<altitude>65</altitude>
									<tas>144</tas>
								</smeasure><smeasure>
									<altitude>72</altitude>
									<tas>152</tas>
								</smeasure><smeasure>
									<altitude>140</altitude>
									<tas>189</tas>
								</smeasure><smeasure>
									<altitude>197</altitude>
									<tas>219</tas>
								</smeasure><smeasure>
									<altitude>206</altitude>
									<tas>220</tas>
								</smeasure><smeasure>
									<altitude>214</altitude>
									<tas>219</tas>
								</smeasure><smeasure>
									<altitude>225</altitude>
									<tas>210</tas>
								</smeasure><smeasure>
									<altitude>281</altitude>
									<tas>183</tas>
								</smeasure><smeasure>
									<altitude>311</altitude>
									<tas>162</tas>
								</smeasure></speed><climb wep="off" altUnit="feet" rateUnit="fps" altFactor="96.774" rateFactor="14.87" altOffset="0" rateOffset="500">
			<cmeasure>
				<altitude>0</altitude>
				<rate>190</rate>
			</cmeasure>
		<cmeasure>
									<altitude>185</altitude>
									<rate>178</rate>
								</cmeasure><cmeasure>
									<altitude>310</altitude>
									<rate>59</rate>
								</cmeasure></climb>
		<climb wep="on" altUnit="feet" rateUnit="fps" altFactor="96.774" rateFactor="14.87" altOffset="0" rateOffset="500">
									<cmeasure>
										<altitude>0</altitude>
										<rate>232</rate>
									</cmeasure>
								<cmeasure>
									<altitude>151</altitude>
									<rate>218</rate>
								</cmeasure><cmeasure>
									<altitude>162</altitude>
									<rate>214</rate>
								</cmeasure><cmeasure>
									<altitude>177</altitude>
									<rate>203</rate>
								</cmeasure><cmeasure>
									<altitude>201</altitude>
									<rate>180</rate>
								</cmeasure><cmeasure>
									<altitude>207</altitude>
									<rate>170</rate>
								</cmeasure><cmeasure>
									<altitude>310</altitude>
									<rate>73</rate>
								</cmeasure>
    </climb>
    <turn>
      <turnData flapPosition="none">
        <radius>180.26</radius>
        <degPerSec>20.40</degPerSec>
        <speed>144.00</speed>
        <time>17.66</time>
      </turnData>
      <turnData flapPosition="full">
        <radius>133.38</radius>
        <degPerSec>20.80</degPerSec>
        <speed>109.00</speed>
        <time>17.2</time>
      </turnData>
    </turn>
	</performance>
</aircraft>