<?xml version="1.0" encoding="UTF-8"?><?mso-infoPathSolution solutionVersion="1.0.0.11" PIVersion="1.0.0.0" href="http://www.my2cents.co.nz/AcesHigh.xsn" name="urn:schemas-microsoft-com:office:infopath:AcesHigh:" language="en-au" productVersion="11.0.8034" ?><?mso-application progid="InfoPath.Document"?><aircraft xmlns:xsi="http://www.w3.org/2001/XMLSchema-instance" xmlns:my="http://schemas.microsoft.com/office/infopath/2003/myXSD/2006-01-11T22:04:29" xmlns:xd="http://schemas.microsoft.com/office/infopath/2003">
	<details>
		<type>BF 109G-2</type>
		<fuel unit="Gallons">0</fuel>
	</details>
	<performance>
		<speed wep="off" altUnit="feet" tasUnit="mph" altFactor="96.463" tasFactor="0.641" altOffset="0" tasOffset="275">
			<smeasure>
				<altitude>0</altitude>
				<tas>73</tas>
			</smeasure>
		<smeasure>
									<altitude>70</altitude>
									<tas>134</tas>
								</smeasure><smeasure>
									<altitude>234</altitude>
									<tas>192</tas>
								</smeasure><smeasure>
									<altitude>311</altitude>
									<tas>150</tas>
								</smeasure></speed>
		<speed wep="on" altUnit="feet" tasUnit="mph" altFactor="96.463" tasFactor="0.641" altOffset="0" tasOffset="275">
									<smeasure>
										<altitude>0</altitude>
										<tas>103</tas>
									</smeasure>
								<smeasure>
									<altitude>39</altitude>
									<tas>138</tas>
								</smeasure><smeasure>
									<altitude>62</altitude>
									<tas>152</tas>
								</smeasure><smeasure>
									<altitude>227</altitude>
									<tas>205</tas>
								</smeasure><smeasure>
									<altitude>311</altitude>
									<tas>158</tas>
								</smeasure></speed><climb wep="off" altUnit="feet" rateUnit="fps" altFactor="96.774" rateFactor="20.41" altOffset="0" rateOffset="500">
			<cmeasure>
				<altitude>0</altitude>
				<rate>144</rate>
			</cmeasure>
		<cmeasure>
									<altitude>60</altitude>
									<rate>165</rate>
								</cmeasure><cmeasure>
									<altitude>210</altitude>
									<rate>108</rate>
								</cmeasure><cmeasure>
									<altitude>310</altitude>
									<rate>41</rate>
								</cmeasure></climb>
		<climb wep="on" altUnit="feet" rateUnit="fps" altFactor="96.774" rateFactor="20.41" altOffset="0" rateOffset="500">
									<cmeasure>
										<altitude>0</altitude>
										<rate>177</rate>
									</cmeasure>
								<cmeasure>
									<altitude>51</altitude>
									<rate>191</rate>
								</cmeasure><cmeasure>
									<altitude>68</altitude>
									<rate>182</rate>
								</cmeasure><cmeasure>
									<altitude>205</altitude>
									<rate>131</rate>
								</cmeasure><cmeasure>
									<altitude>310</altitude>
									<rate>53</rate>
								</cmeasure>
    </climb>
    <turn>
      <turnData flapPosition="none">
        <radius>193.88</radius>
        <degPerSec>20.00</degPerSec>
        <speed>152.00</speed>
        <time>18.00</time>
      </turnData>
      <turnData flapPosition="full">
        <radius>142.25</radius>
        <degPerSec>20.30</degPerSec>
        <speed>113.00</speed>
        <time>17.76</time>
      </turnData>
    </turn>
	</performance>
</aircraft>