<?xml version="1.0" encoding="UTF-8"?>
<aircraft xmlns:xsi="http://www.w3.org/2001/XMLSchema-instance" xsi:noNamespaceSchemaLocation="C:\ChrisWork\sourceRoot\Project\Other\PerformanceComparison\schemas\aircraft.xsd">
	<details>
		<type>Bf 109K-4</type>
		<fuel unit="gallon">106</fuel>
	</details>
	<performance>
		<speed wep="off" altUnit="feet" tasUnit="mph">
			<smeasure>
				<altitude>0</altitude>
				<tas>337</tas>
			</smeasure>
			<smeasure>
				<altitude>5000</altitude>
				<tas>370</tas>
			</smeasure>
			<smeasure>
				<altitude>23500</altitude>
				<tas>420</tas>
			</smeasure>
			<smeasure>
				<altitude>26500</altitude>
				<tas>435</tas>
			</smeasure>
			<smeasure>
				<altitude>30000</altitude>
				<tas>425</tas>
			</smeasure>
		</speed>
		<speed wep="on" altUnit="feet" tasUnit="mph">
			<smeasure>
				<altitude>0</altitude>
				<tas>370</tas>
			</smeasure>
			<smeasure>
				<altitude>5000</altitude>
				<tas>395</tas>
			</smeasure>
			<smeasure>
				<altitude>16000</altitude>
				<tas>435</tas>
			</smeasure>
			<smeasure>
				<altitude>21500</altitude>
				<tas>455</tas>
			</smeasure>
			<smeasure>
				<altitude>30000</altitude>
				<tas>435</tas>
			</smeasure>
		</speed>
		<climb wep="off" altUnit="feet" rateUnit="fpm">
			<cmeasure>
				<altitude>0</altitude>
				<rate>3550</rate>
			</cmeasure>
			<cmeasure>
				<altitude>4000</altitude>
				<rate>3600</rate>
			</cmeasure>
			<cmeasure>
				<altitude>23500</altitude>
				<rate>2650</rate>
			</cmeasure>
			<cmeasure>
				<altitude>30000</altitude>
				<rate>1650</rate>
			</cmeasure>
		</climb>
		<climb wep="on" altUnit="feet" rateUnit="fpm">
			<cmeasure>
				<altitude>0</altitude>
				<rate>4550</rate>
			</cmeasure>
			<cmeasure>
				<altitude>4000</altitude>
				<rate>4600</rate>
			</cmeasure>
			<cmeasure>
				<altitude>16000</altitude>
				<rate>4100</rate>
			</cmeasure>
			<cmeasure>
				<altitude>19500</altitude>
				<rate>3600</rate>
			</cmeasure>
			<cmeasure>
				<altitude>23500</altitude>
				<rate>3490</rate>
			</cmeasure>
			<cmeasure>
				<altitude>30000</altitude>
				<rate>2400</rate>
			</cmeasure>
		</climb>
    <turn>
      <turnData flapPosition="none">
        <radius>214.37</radius>
        <degPerSec>19.60</degPerSec>
        <speed>165.00</speed>
        <time>18.33</time>
      </turnData>
      <turnData flapPosition="full">
        <radius>162.55</radius>
        <degPerSec>19.50</degPerSec>
        <speed>124.00</speed>
        <time>18.50</time>
      </turnData>
    </turn>
	</performance>
</aircraft>
