<?xml version="1.0" encoding="UTF-8"?><?mso-infoPathSolution solutionVersion="1.0.0.11" PIVersion="1.0.0.0" href="http://www.my2cents.co.nz/AcesHigh.xsn" name="urn:schemas-microsoft-com:office:infopath:AcesHigh:" language="en-gb" productVersion="11.0.8034" ?><?mso-application progid="InfoPath.Document"?><aircraft xmlns:xsi="http://www.w3.org/2001/XMLSchema-instance" xmlns:my="http://schemas.microsoft.com/office/infopath/2003/myXSD/2006-01-11T22:04:29" xmlns:xd="http://schemas.microsoft.com/office/infopath/2003">
	<details>
		<type>Bf 110G-2</type>
		<fuel unit="Gallons">0</fuel>
	</details>
	<performance>
		<speed wep="off" altUnit="feet" tasUnit="mph" altFactor="83.565" tasFactor="0.25" altOffset="0" tasOffset="300">
			<smeasure>
				<altitude>0</altitude>
				<tas>46</tas>
			</smeasure>
		<smeasure>
									<altitude>84</altitude>
									<tas>156</tas>
								</smeasure><smeasure>
									<altitude>157</altitude>
									<tas>204</tas>
								</smeasure><smeasure>
									<altitude>276</altitude>
									<tas>262</tas>
								</smeasure><smeasure>
									<altitude>299</altitude>
									<tas>249</tas>
								</smeasure><smeasure>
									<altitude>325</altitude>
									<tas>223</tas>
								</smeasure><smeasure>
									<altitude>349</altitude>
									<tas>190</tas>
								</smeasure><smeasure>
									<altitude>359</altitude>
									<tas>174</tas>
								</smeasure></speed>
		<speed wep="on" altUnit="feet" tasUnit="mph" altFactor="83.565" tasFactor="0.25" altOffset="0" tasOffset="300">
									<smeasure>
										<altitude>0</altitude>
										<tas>89</tas>
									</smeasure>
								<smeasure>
									<altitude>35</altitude>
									<tas>135</tas>
								</smeasure><smeasure>
									<altitude>73</altitude>
									<tas>173</tas>
								</smeasure><smeasure>
									<altitude>155</altitude>
									<tas>227</tas>
								</smeasure><smeasure>
									<altitude>253</altitude>
									<tas>276</tas>
								</smeasure><smeasure>
									<altitude>264</altitude>
									<tas>278</tas>
								</smeasure><smeasure>
									<altitude>276</altitude>
									<tas>276</tas>
								</smeasure><smeasure>
									<altitude>299</altitude>
									<tas>261</tas>
								</smeasure><smeasure>
									<altitude>325</altitude>
									<tas>235</tas>
								</smeasure><smeasure>
									<altitude>346</altitude>
									<tas>206</tas>
								</smeasure><smeasure>
									<altitude>359</altitude>
									<tas>184</tas>
								</smeasure></speed><climb wep="off" altUnit="feet" rateUnit="fps" altFactor="83.565" rateFactor="7.576" altOffset="0" rateOffset="500">
			<cmeasure>
				<altitude>0</altitude>
				<rate>292</rate>
			</cmeasure>
		<cmeasure>
									<altitude>71</altitude>
									<rate>248</rate>
								</cmeasure><cmeasure>
									<altitude>224</altitude>
									<rate>166</rate>
								</cmeasure><cmeasure>
									<altitude>359</altitude>
									<rate>17</rate>
								</cmeasure></climb>
		<climb wep="on" altUnit="feet" rateUnit="fps" altFactor="83.565" rateFactor="7.576" altOffset="0" rateOffset="500">
									<cmeasure>
										<altitude>0</altitude>
										<rate>338</rate>
									</cmeasure>
								<cmeasure>
									<altitude>59</altitude>
									<rate>332</rate>
								</cmeasure><cmeasure>
									<altitude>224</altitude>
									<rate>193</rate>
								</cmeasure><cmeasure>
									<altitude>359</altitude>
									<rate>28</rate>
								</cmeasure>
    </climb>
    <turn>
      <turnData flapPosition="none">
        <radius>217.26</radius>
        <degPerSec>17.10</degPerSec>
        <speed>146.00</speed>
        <time>21.00</time>
      </turnData>
      <turnData flapPosition="full">
        <radius>152.92</radius>
        <degPerSec>17.90</degPerSec>
        <speed>107.00</speed>
        <time>20.16</time>
      </turnData>
    </turn>
	</performance>
</aircraft>