<?xml version="1.0" encoding="UTF-8"?><?mso-infoPathSolution solutionVersion="1.0.0.6" productVersion="11.0.6357" PIVersion="1.0.0.0" href="http://www.my2cents.co.nz/AcesHigh.xsn" name="urn:schemas-microsoft-com:office:infopath:AircraftEntry:" language="en-au" ?><?mso-application progid="InfoPath.Document"?><aircraft xmlns:xsi="http://www.w3.org/2001/XMLSchema-instance" xmlns:xd="http://schemas.microsoft.com/office/infopath/2003" xmlns:my="http://schemas.microsoft.com/office/infopath/2003/myXSD/2006-01-11T22:04:29">
	<details>
		<type>C202</type>
		<fuel unit="Gallons">0</fuel>
	</details>
	<performance>
		<speed wep="off" altUnit="feet" tasUnit="mph" altFactor="96.463" tasFactor="0.639" altOffset="0" tasOffset="275">
			<smeasure>
				<altitude>0</altitude>
				<tas>52</tas>
			</smeasure>
		<smeasure>
									<altitude>41</altitude>
									<tas>72</tas>
								</smeasure><smeasure>
									<altitude>48</altitude>
									<tas>80</tas>
								</smeasure><smeasure>
									<altitude>67</altitude>
									<tas>87</tas>
								</smeasure><smeasure>
									<altitude>74</altitude>
									<tas>93</tas>
								</smeasure><smeasure>
									<altitude>145</altitude>
									<tas>128</tas>
								</smeasure><smeasure>
									<altitude>153</altitude>
									<tas>134</tas>
								</smeasure><smeasure>
									<altitude>167</altitude>
									<tas>139</tas>
								</smeasure><smeasure>
									<altitude>188</altitude>
									<tas>151</tas>
								</smeasure><smeasure>
									<altitude>204</altitude>
									<tas>144</tas>
								</smeasure><smeasure>
									<altitude>239</altitude>
									<tas>129</tas>
								</smeasure><smeasure>
									<altitude>260</altitude>
									<tas>121</tas>
								</smeasure><smeasure>
									<altitude>311</altitude>
									<tas>95</tas>
								</smeasure></speed>
		<speed wep="on" altUnit="feet" tasUnit="mph" altFactor="96.463" tasFactor="0.639" altOffset="0" tasOffset="275">
									<smeasure>
										<altitude>1</altitude>
										<tas>66</tas>
									</smeasure>
								<smeasure>
									<altitude>73</altitude>
									<tas>104</tas>
								</smeasure><smeasure>
									<altitude>84</altitude>
									<tas>108</tas>
								</smeasure><smeasure>
									<altitude>95</altitude>
									<tas>116</tas>
								</smeasure><smeasure>
									<altitude>175</altitude>
									<tas>158</tas>
								</smeasure><smeasure>
									<altitude>235</altitude>
									<tas>137</tas>
								</smeasure><smeasure>
									<altitude>263</altitude>
									<tas>126</tas>
								</smeasure><smeasure>
									<altitude>310</altitude>
									<tas>99</tas>
								</smeasure></speed><climb wep="off" altUnit="feet" rateUnit="mph" altFactor="96.774" rateFactor="11.11" altOffset="0" rateOffset="1000">
			<cmeasure>
				<altitude>0</altitude>
				<rate>187</rate>
			</cmeasure>
		<cmeasure>
									<altitude>151</altitude>
									<rate>182</rate>
								</cmeasure><cmeasure>
									<altitude>277</altitude>
									<rate>17</rate>
								</cmeasure><cmeasure>
									<altitude>292</altitude>
									<rate>0</rate>
								</cmeasure></climb>
	<climb wep="on" altUnit="feet" rateUnit="mph" altFactor="96.774" rateFactor="11.11" altOffset="0" rateOffset="1000">
									<cmeasure>
										<altitude>0</altitude>
										<rate>229</rate>
									</cmeasure>
								<cmeasure>
									<altitude>133</altitude>
									<rate>223</rate>
								</cmeasure><cmeasure>
									<altitude>163</altitude>
									<rate>195</rate>
								</cmeasure><cmeasure>
									<altitude>180</altitude>
									<rate>173</rate>
								</cmeasure><cmeasure>
									<altitude>186</altitude>
									<rate>163</rate>
								</cmeasure><cmeasure>
									<altitude>260</altitude>
									<rate>60</rate>
								</cmeasure><cmeasure>
									<altitude>272</altitude>
									<rate>45</rate>
								</cmeasure><cmeasure>
									<altitude>301</altitude>
									<rate>0</rate>
								</cmeasure></climb>
    <turn>
      <turnData flapPosition="none">
        <radius>185.20</radius>
        <degPerSec>22.00</degPerSec>
        <speed>160.00</speed>
        <time>16.33</time>
      </turnData>
      <turnData flapPosition="full">
        <radius>149.60</radius>
        <degPerSec>19.80</degPerSec>
        <speed>116.00</speed>
        <time>18.2</time>
      </turnData>
    </turn>
</performance>
</aircraft>