<?xml version="1.0" encoding="UTF-8"?><?mso-infoPathSolution solutionVersion="1.0.0.6" productVersion="11.0.6357" PIVersion="1.0.0.0" href="file:///C:\ChrisWork\sourceRoot\Project\Other\PerformanceComparison\schemas\AircraftEntry.xsn" name="urn:schemas-microsoft-com:office:infopath:AircraftEntry:" language="en-au" ?><?mso-application progid="InfoPath.Document"?><aircraft xmlns:xsi="http://www.w3.org/2001/XMLSchema-instance" xmlns:xd="http://schemas.microsoft.com/office/infopath/2003" xmlns:my="http://schemas.microsoft.com/office/infopath/2003/myXSD/2006-01-11T22:04:29">
	<details>
		<type>C205</type>
		<fuel unit="Gallons">0</fuel>
	</details>
	<performance>
		<speed wep="off" altUnit="feet" tasUnit="mph" altFactor="96.463" tasFactor="0.639" altOffset="0" tasOffset="275">
			<smeasure>
				<altitude>0</altitude>
				<tas>73</tas>
			</smeasure>
		<smeasure>
									<altitude>60</altitude>
									<tas>108</tas>
								</smeasure><smeasure>
									<altitude>62</altitude>
									<tas>112</tas>
								</smeasure><smeasure>
									<altitude>239</altitude>
									<tas>195</tas>
								</smeasure><smeasure>
									<altitude>269</altitude>
									<tas>176</tas>
								</smeasure><smeasure>
									<altitude>273</altitude>
									<tas>172</tas>
								</smeasure><smeasure>
									<altitude>311</altitude>
									<tas>150</tas>
								</smeasure></speed>
		<speed wep="on" altUnit="feet" tasUnit="mph" altFactor="96.463" tasFactor="0.639" altOffset="0" tasOffset="275">
									<smeasure>
										<altitude>0</altitude>
										<tas>91</tas>
									</smeasure>
								<smeasure>
									<altitude>73</altitude>
									<tas>134</tas>
								</smeasure><smeasure>
									<altitude>78</altitude>
									<tas>134</tas>
								</smeasure><smeasure>
									<altitude>228</altitude>
									<tas>200</tas>
								</smeasure><smeasure>
									<altitude>237</altitude>
									<tas>200</tas>
								</smeasure><smeasure>
									<altitude>311</altitude>
									<tas>158</tas>
								</smeasure></speed><climb wep="off" altUnit="" rateUnit="" altFactor="96.463" rateFactor="14.81" altOffset="0" rateOffset="1000">
			<cmeasure>
				<altitude>0</altitude>
				<rate>158</rate>
			</cmeasure>
		<cmeasure>
									<altitude>59</altitude>
									<rate>170</rate>
								</cmeasure><cmeasure>
									<altitude>192</altitude>
									<rate>113</rate>
								</cmeasure><cmeasure>
									<altitude>311</altitude>
									<rate>0</rate>
								</cmeasure></climb>
	<climb wep="on" altUnit="" rateUnit="" altFactor="96.463" rateFactor="14.81" altOffset="0" rateOffset="1000">
									<cmeasure>
										<altitude>0</altitude>
										<rate>197</rate>
									</cmeasure>
								<cmeasure>
									<altitude>61</altitude>
									<rate>205</rate>
								</cmeasure><cmeasure>
									<altitude>72</altitude>
									<rate>195</rate>
								</cmeasure><cmeasure>
									<altitude>193</altitude>
									<rate>139</rate>
								</cmeasure><cmeasure>
									<altitude>311</altitude>
									<rate>6</rate>
								</cmeasure>
    </climb>
    <turn>
      <turnData flapPosition="none">
        <radius>219.40</radius>
        <degPerSec>20.00</degPerSec>
        <speed>172.00</speed>
        <time>18.00</time>
      </turnData>
      <turnData flapPosition="full">
        <radius>173.52</radius>
        <degPerSec>18.50</degPerSec>
        <speed>126.00</speed>
        <time>19.43</time>
      </turnData>
    </turn> 		
</performance>
</aircraft>