<?xml version="1.0" encoding="UTF-8"?>
<aircraft xmlns:xsi="http://www.w3.org/2001/XMLSchema-instance" xsi:noNamespaceSchemaLocation="C:\ChrisWork\sourceRoot\Project\Other\PerformanceComparison\schemas\aircraft.xsd">
	<details>
		<type>F4U-1C</type>
		<fuel unit="gallon">0</fuel>
	</details>
	<performance>
		<speed wep="off" altUnit="feet" tasUnit="mph">
			<smeasure>
				<altitude>0</altitude>
				<tas>344</tas>
			</smeasure>
			<smeasure>
				<altitude>2222</altitude>
				<tas>349</tas>
			</smeasure>
			<smeasure>
				<altitude>6000</altitude>
				<tas>346</tas>
			</smeasure>
			<smeasure>
				<altitude>19111</altitude>
				<tas>391</tas>
			</smeasure>
			<smeasure>
				<altitude>21111</altitude>
				<tas>386</tas>
			</smeasure>
			<smeasure>
				<altitude>23889</altitude>
				<tas>396</tas>
			</smeasure>
			<smeasure>
				<altitude>30000</altitude>
				<tas>378</tas>
			</smeasure>
		</speed>
		<speed wep="on" altUnit="feet" tasUnit="mph">
			<smeasure>
				<altitude>0</altitude>
				<tas>357</tas>
			</smeasure>
			<smeasure>
				<altitude>2222</altitude>
				<tas>353</tas>
			</smeasure>
			<smeasure>
				<altitude>15111</altitude>
				<tas>401</tas>
			</smeasure>
			<smeasure>
				<altitude>18000</altitude>
				<tas>395</tas>
			</smeasure>
			<smeasure>
				<altitude>20111</altitude>
				<tas>408</tas>
			</smeasure>
			<smeasure>
				<altitude>23888</altitude>
				<tas>399</tas>
			</smeasure>
			<smeasure>
				<altitude>30000</altitude>
				<tas>381</tas>
			</smeasure>
		</speed>
		<climb wep="off" altUnit="feet" rateUnit="fpm">
			<cmeasure>
				<altitude>0</altitude>
				<rate>2935</rate>
			</cmeasure>
			<cmeasure>
				<altitude>2000</altitude>
				<rate>2935</rate>
			</cmeasure>
			<cmeasure>
				<altitude>6000</altitude>
				<rate>2550</rate>
			</cmeasure>
			<cmeasure>
				<altitude>15777</altitude>
				<rate>2252</rate>
			</cmeasure>
			<cmeasure>
				<altitude>18000</altitude>
				<rate>1940</rate>
			</cmeasure>
			<cmeasure>
				<altitude>21111</altitude>
				<rate>1926</rate>
			</cmeasure>
			<cmeasure>
				<altitude>30000</altitude>
				<rate>1037</rate>
			</cmeasure>
		</climb>
		<climb wep="on" altUnit="feet" rateUnit="fpm">
			<cmeasure>
				<altitude>0</altitude>
				<rate>3336</rate>
			</cmeasure>
			<cmeasure>
				<altitude>2000</altitude>
				<rate>2995</rate>
			</cmeasure>
			<cmeasure>
				<altitude>12889</altitude>
				<rate>2906</rate>
			</cmeasure>
			<cmeasure>
				<altitude>14889</altitude>
				<rate>2580</rate>
			</cmeasure>
			<cmeasure>
				<altitude>17111</altitude>
				<rate>2550</rate>
			</cmeasure>
			<cmeasure>
				<altitude>30000</altitude>
				<rate>1139</rate>
			</cmeasure>
		</climb>
    <turn>
      <turnData flapPosition="none">
        <radius>226.74</radius>
        <degPerSec>18.00</degPerSec>
        <speed>160.00</speed>
        <time>20.00</time>
      </turnData>
      <turnData flapPosition="full">
        <radius>135.15</radius>
        <degPerSec>18.70</degPerSec>
        <speed>99.00</speed>
        <time>19.26</time>
      </turnData>
    </turn>			
	</performance>
</aircraft>
