<?xml version="1.0" encoding="UTF-8"?><?mso-infoPathSolution solutionVersion="1.0.0.11" PIVersion="1.0.0.0" href="file:///C:\ChrisWork\sourceRoot\Project\Other\PerformanceComparison\schemas\AircraftEntry.xsn" name="urn:schemas-microsoft-com:office:infopath:AircraftEntry:" language="en-gb" productVersion="11.0.8034" ?><?mso-application progid="InfoPath.Document"?><aircraft xmlns:xsi="http://www.w3.org/2001/XMLSchema-instance" xmlns:my="http://schemas.microsoft.com/office/infopath/2003/myXSD/2006-01-11T22:04:29" xmlns:xd="http://schemas.microsoft.com/office/infopath/2003">
	<details>
		<type>F4U-1A</type>
		<fuel unit="Gallons">0</fuel>
	</details>
	<performance>
		<speed wep="off" altUnit="feet" tasUnit="mph" altFactor="127.66" tasFactor="0.389" altOffset="0" tasOffset="350">
			<smeasure>
				<altitude>0</altitude>
				<tas>3</tas>
			</smeasure>
		<smeasure>
									<altitude>15</altitude>
									<tas>18</tas>
								</smeasure><smeasure>
									<altitude>47</altitude>
									<tas>7</tas>
								</smeasure><smeasure>
									<altitude>147</altitude>
									<tas>128</tas>
								</smeasure><smeasure>
									<altitude>162</altitude>
									<tas>117</tas>
								</smeasure><smeasure>
									<altitude>186</altitude>
									<tas>143</tas>
								</smeasure><smeasure>
									<altitude>235</altitude>
									<tas>92</tas>
								</smeasure></speed>
		<speed wep="on" altUnit="feet" tasUnit="mph" altFactor="127.66" tasFactor="0.389" altOffset="0" tasOffset="350">
									<smeasure>
										<altitude>0</altitude>
										<tas>41</tas>
									</smeasure>
								<smeasure>
									<altitude>15</altitude>
									<tas>26</tas>
								</smeasure><smeasure>
									<altitude>32</altitude>
									<tas>42</tas>
								</smeasure><smeasure>
									<altitude>116</altitude>
									<tas>158</tas>
								</smeasure><smeasure>
									<altitude>124</altitude>
									<tas>154</tas>
								</smeasure><smeasure>
									<altitude>140</altitude>
									<tas>138</tas>
								</smeasure><smeasure>
									<altitude>149</altitude>
									<tas>156</tas>
								</smeasure><smeasure>
									<altitude>155</altitude>
									<tas>175</tas>
								</smeasure><smeasure>
									<altitude>202</altitude>
									<tas>136</tas>
								</smeasure><smeasure>
									<altitude>235</altitude>
									<tas>97</tas>
								</smeasure></speed><climb wep="off" altUnit="feet" rateUnit="fps" altFactor="128.205" rateFactor="9.51" altOffset="0" rateOffset="1000">
			<cmeasure>
				<altitude>0</altitude>
				<rate>198</rate>
			</cmeasure>
		<cmeasure>
									<altitude>16</altitude>
									<rate>197</rate>
								</cmeasure><cmeasure>
									<altitude>46</altitude>
									<rate>143</rate>
								</cmeasure><cmeasure>
									<altitude>124</altitude>
									<rate>128</rate>
								</cmeasure><cmeasure>
									<altitude>138</altitude>
									<rate>98</rate>
								</cmeasure><cmeasure>
									<altitude>162</altitude>
									<rate>97</rate>
								</cmeasure><cmeasure>
									<altitude>232</altitude>
									<rate>4</rate>
								</cmeasure></climb>
		<climb wep="on" altUnit="feet" rateUnit="mps" altFactor="128.205" rateFactor="9.51" altOffset="0" rateOffset="1000">
									<cmeasure>
										<altitude>0</altitude>
										<rate>244</rate>
									</cmeasure>
								<cmeasure>
									<altitude>15</altitude>
									<rate>205</rate>
								</cmeasure><cmeasure>
									<altitude>100</altitude>
									<rate>195</rate>
								</cmeasure><cmeasure>
									<altitude>116</altitude>
									<rate>161</rate>
								</cmeasure><cmeasure>
									<altitude>131</altitude>
									<rate>162</rate>
								</cmeasure><cmeasure>
									<altitude>173</altitude>
									<rate>105</rate>
								</cmeasure><cmeasure>
									<altitude>232</altitude>
									<rate>10</rate>
								</cmeasure>
    </climb>
    <turn>
      <turnData flapPosition="none">
        <radius>0</radius>
        <degPerSec>0</degPerSec>
        <speed>0</speed>
        <time>0</time>
      </turnData>
      <turnData flapPosition="full">
        <radius>0</radius>
        <degPerSec>0</degPerSec>
        <speed>0</speed>
        <time>0</time>
      </turnData>
    </turn>
	</performance>
</aircraft>