<?xml version="1.0" encoding="UTF-8"?><?mso-infoPathSolution solutionVersion="1.0.0.6" productVersion="11.0.6357" PIVersion="1.0.0.0" href="file:///C:\ChrisWork\sourceRoot\Project\Other\PerformanceComparison\schemas\AircraftEntry.xsn" name="urn:schemas-microsoft-com:office:infopath:AircraftEntry:" language="en-au" ?><?mso-application progid="InfoPath.Document"?><aircraft xmlns:xsi="http://www.w3.org/2001/XMLSchema-instance" xmlns:xd="http://schemas.microsoft.com/office/infopath/2003" xmlns:my="http://schemas.microsoft.com/office/infopath/2003/myXSD/2006-01-11T22:04:29">
	<details>
		<type>F4U-1</type>
		<fuel unit="Gallons">0</fuel>
	</details>
	<performance>
		<speed wep="off" altUnit="feet" tasUnit="mph" altFactor="96.46" tasFactor="0.733" altOffset="0" tasOffset="275">
			<smeasure>
				<altitude>0</altitude>
				<tas>102</tas>
			</smeasure>
		<smeasure>
									<altitude>21</altitude>
									<tas>111</tas>
								</smeasure><smeasure>
									<altitude>62</altitude>
									<tas>106</tas>
								</smeasure><smeasure>
									<altitude>197</altitude>
									<tas>171</tas>
								</smeasure><smeasure>
									<altitude>221</altitude>
									<tas>162</tas>
								</smeasure><smeasure>
									<altitude>228</altitude>
									<tas>171</tas>
								</smeasure><smeasure>
									<altitude>249</altitude>
									<tas>180</tas>
								</smeasure><smeasure>
									<altitude>310</altitude>
									<tas>154</tas>
								</smeasure></speed>
		<speed wep="on" altUnit="feet" tasUnit="mph" altFactor="96.46" tasFactor="0.733" altOffset="0" tasOffset="275">
									<smeasure>
										<altitude>0</altitude>
										<tas>115</tas>
									</smeasure>
								<smeasure>
									<altitude>155</altitude>
									<tas>187</tas>
								</smeasure><smeasure>
									<altitude>186</altitude>
									<tas>176</tas>
								</smeasure><smeasure>
									<altitude>207</altitude>
									<tas>193</tas>
								</smeasure><smeasure>
									<altitude>249</altitude>
									<tas>184</tas>
								</smeasure><smeasure>
									<altitude>311</altitude>
									<tas>158</tas>
								</smeasure></speed><climb wep="off" altUnit="feet" rateUnit="mph" altFactor="96.46" rateFactor="12.93" altOffset="0" rateOffset="500">
			<cmeasure>
				<altitude>0</altitude>
				<rate>157</rate>
			</cmeasure>
		<cmeasure>
									<altitude>20</altitude>
									<rate>157</rate>
								</cmeasure><cmeasure>
									<altitude>54</altitude>
									<rate>131</rate>
								</cmeasure><cmeasure>
									<altitude>167</altitude>
									<rate>119</rate>
								</cmeasure><cmeasure>
									<altitude>184</altitude>
									<rate>94</rate>
								</cmeasure><cmeasure>
									<altitude>215</altitude>
									<rate>93</rate>
								</cmeasure><cmeasure>
									<altitude>311</altitude>
									<rate>22</rate>
								</cmeasure></climb>
	<climb wep="on" altUnit="feet" rateUnit="mph" altFactor="96.46" rateFactor="12.93" altOffset="0" rateOffset="500">
									<cmeasure>
										<altitude>0</altitude>
										<rate>183</rate>
									</cmeasure>
								<cmeasure>
									<altitude>124</altitude>
									<rate>168</rate>
								</cmeasure><cmeasure>
									<altitude>153</altitude>
									<rate>139</rate>
								</cmeasure><cmeasure>
									<altitude>170</altitude>
									<rate>139</rate>
								</cmeasure><cmeasure>
									<altitude>182</altitude>
									<rate>137</rate>
								</cmeasure><cmeasure>
									<altitude>189</altitude>
									<rate>132</rate>
								</cmeasure><cmeasure>
									<altitude>195</altitude>
									<rate>126</rate>
								</cmeasure><cmeasure>
									<altitude>208</altitude>
									<rate>113</rate>
								</cmeasure><cmeasure>
									<altitude>311</altitude>
									<rate>30</rate>
								</cmeasure>
  </climb>
    <turn>
      <turnData flapPosition="none">
        <radius>205.50</radius>
        <degPerSec>18.60</degPerSec>
        <speed>150.00</speed>
        <time>19.33</time>
      </turnData>
      <turnData flapPosition="full">
        <radius>129.63</radius>
        <degPerSec>19.30</degPerSec>
        <speed>98.00</speed>
        <time>18.66</time>
      </turnData>
    </turn>	

</performance>
</aircraft>