<?xml version="1.0" encoding="UTF-8"?><?mso-infoPathSolution solutionVersion="1.0.0.6" productVersion="11.0.6357" PIVersion="1.0.0.0" href="file:///C:\ChrisWork\sourceRoot\Project\Other\PerformanceComparison\schemas\AircraftEntry.xsn" name="urn:schemas-microsoft-com:office:infopath:AircraftEntry:" language="en-au" ?><?mso-application progid="InfoPath.Document"?><aircraft xmlns:xsi="http://www.w3.org/2001/XMLSchema-instance" xmlns:xd="http://schemas.microsoft.com/office/infopath/2003" xmlns:my="http://schemas.microsoft.com/office/infopath/2003/myXSD/2006-01-11T22:04:29">
	<details>
		<type>F4U-4</type>
		<fuel unit="Gallons">0</fuel>
	</details>
	<performance>
		<speed wep="off" altUnit="feet" tasUnit="mph" altFactor="94.6" tasFactor="0.639" altOffset="0" tasOffset="300">
			<smeasure>
				<altitude>0</altitude>
				<tas>92</tas>
			</smeasure>
		<smeasure>
									<altitude>61</altitude>
									<tas>124</tas>
								</smeasure><smeasure>
									<altitude>105</altitude>
									<tas>117</tas>
								</smeasure><smeasure>
									<altitude>144</altitude>
									<tas>144</tas>
								</smeasure><smeasure>
									<altitude>206</altitude>
									<tas>181</tas>
								</smeasure><smeasure>
									<altitude>249</altitude>
									<tas>167</tas>
								</smeasure><smeasure>
									<altitude>289</altitude>
									<tas>199</tas>
								</smeasure><smeasure>
									<altitude>311</altitude>
									<tas>184</tas>
								</smeasure></speed>
		<speed wep="on" altUnit="feet" tasUnit="mph" altFactor="94.6" tasFactor="0.639" altOffset="0" tasOffset="300">
									<smeasure>
										<altitude>0</altitude>
										<tas>124</tas>
									</smeasure>
								<smeasure>
									<altitude>12</altitude>
									<tas>130</tas>
								</smeasure><smeasure>
									<altitude>53</altitude>
									<tas>128</tas>
								</smeasure><smeasure>
									<altitude>207</altitude>
									<tas>214</tas>
								</smeasure><smeasure>
									<altitude>227</altitude>
									<tas>202</tas>
								</smeasure><smeasure>
									<altitude>270</altitude>
									<tas>222</tas>
								</smeasure><smeasure>
									<altitude>311</altitude>
									<tas>190</tas>
								</smeasure></speed><climb wep="off" altUnit="feet" rateUnit="mph" altFactor="94.6" rateFactor="14.81" altOffset="0" rateOffset="1000">
			<cmeasure>
				<altitude>0</altitude>
				<rate>158</rate>
			</cmeasure>
		<cmeasure>
									<altitude>43</altitude>
									<rate>155</rate>
								</cmeasure><cmeasure>
									<altitude>50</altitude>
									<rate>156</rate>
								</cmeasure><cmeasure>
									<altitude>58</altitude>
									<rate>147</rate>
								</cmeasure><cmeasure>
									<altitude>93</altitude>
									<rate>116</rate>
								</cmeasure><cmeasure>
									<altitude>195</altitude>
									<rate>114</rate>
								</cmeasure><cmeasure>
									<altitude>215</altitude>
									<rate>92</rate>
								</cmeasure><cmeasure>
									<altitude>257</altitude>
									<rate>90</rate>
								</cmeasure><cmeasure>
									<altitude>282</altitude>
									<rate>65</rate>
								</cmeasure><cmeasure>
									<altitude>310</altitude>
									<rate>43</rate>
								</cmeasure></climb>
	<climb wep="on" altUnit="feet" rateUnit="mph" altFactor="94.6" rateFactor="14.81" altOffset="0" rateOffset="1000">
									<cmeasure>
										<altitude>0</altitude>
										<rate>186</rate>
									</cmeasure>
								<cmeasure>
									<altitude>31</altitude>
									<rate>162</rate>
								</cmeasure><cmeasure>
									<altitude>54</altitude>
									<rate>162</rate>
								</cmeasure><cmeasure>
									<altitude>62</altitude>
									<rate>159</rate>
								</cmeasure><cmeasure>
									<altitude>185</altitude>
									<rate>152</rate>
								</cmeasure><cmeasure>
									<altitude>207</altitude>
									<rate>125</rate>
								</cmeasure><cmeasure>
									<altitude>219</altitude>
									<rate>119</rate>
								</cmeasure><cmeasure>
									<altitude>257</altitude>
									<rate>115</rate>
								</cmeasure><cmeasure>
									<altitude>309</altitude>
									<rate>59</rate>
								</cmeasure>
    </climb>
    <turn>
      <turnData flapPosition="none">
        <radius>210.46</radius>
        <degPerSec>20.00</degPerSec>
        <speed>165.00</speed>
        <time>18.00</time>
      </turnData>
      <turnData flapPosition="full">
        <radius>130.48</radius>
        <degPerSec>19.70</degPerSec>
        <speed>101.00</speed>
        <time>18.23</time>
      </turnData>
    </turn>			

</performance>
</aircraft>