<?xml version="1.0" encoding="UTF-8"?><?mso-infoPathSolution solutionVersion="1.0.0.6" productVersion="11.0.6357" PIVersion="1.0.0.0" href="file:///C:\ChrisWork\sourceRoot\Project\Other\PerformanceComparison\schemas\AircraftEntry.xsn" name="urn:schemas-microsoft-com:office:infopath:AircraftEntry:" language="en-au" ?><?mso-application progid="InfoPath.Document"?><aircraft xmlns:xsi="http://www.w3.org/2001/XMLSchema-instance" xmlns:xd="http://schemas.microsoft.com/office/infopath/2003" xmlns:my="http://schemas.microsoft.com/office/infopath/2003/myXSD/2006-01-11T22:04:29">
	<details>
		<type>F6F-5</type>
		<fuel unit="Gallons">0</fuel>
	</details>
	<performance>
		<speed wep="off" altUnit="feet" tasUnit="mph" altFactor="96.46" tasFactor="0.55" altOffset="0" tasOffset="275">
			<smeasure>
				<altitude>0</altitude>
				<tas>83</tas>
			</smeasure>
		<smeasure>
									<altitude>30</altitude>
									<tas>99</tas>
								</smeasure><smeasure>
									<altitude>64</altitude>
									<tas>99</tas>
								</smeasure><smeasure>
									<altitude>187</altitude>
									<tas>178</tas>
								</smeasure><smeasure>
									<altitude>207</altitude>
									<tas>168</tas>
								</smeasure><smeasure>
									<altitude>237</altitude>
									<tas>192</tas>
								</smeasure><smeasure>
									<altitude>262</altitude>
									<tas>185</tas>
								</smeasure><smeasure>
									<altitude>291</altitude>
									<tas>166</tas>
								</smeasure><smeasure>
									<altitude>311</altitude>
									<tas>146</tas>
								</smeasure></speed>
		<speed wep="on" altUnit="feet" tasUnit="knots" altFactor="96.46" tasFactor="0.55" altOffset="0" tasOffset="275">
									<smeasure>
										<altitude>0</altitude>
										<tas>100</tas>
									</smeasure>
								<smeasure>
									<altitude>20</altitude>
									<tas>115</tas>
								</smeasure><smeasure>
									<altitude>56</altitude>
									<tas>115</tas>
								</smeasure><smeasure>
									<altitude>164</altitude>
									<tas>189</tas>
								</smeasure><smeasure>
									<altitude>177</altitude>
									<tas>186</tas>
								</smeasure><smeasure>
									<altitude>195</altitude>
									<tas>202</tas>
								</smeasure><smeasure>
									<altitude>237</altitude>
									<tas>192</tas>
								</smeasure><smeasure>
									<altitude>262</altitude>
									<tas>185</tas>
								</smeasure><smeasure>
									<altitude>291</altitude>
									<tas>166</tas>
								</smeasure><smeasure>
									<altitude>311</altitude>
									<tas>146</tas>
								</smeasure></speed><climb wep="off" altUnit="feet" rateUnit="mph" altFactor="96.46" rateFactor="14.87" altOffset="0" rateOffset="1000">
			<cmeasure>
				<altitude>0</altitude>
				<rate>138</rate>
			</cmeasure>
		<cmeasure>
									<altitude>20</altitude>
									<rate>138</rate>
								</cmeasure><cmeasure>
									<altitude>52</altitude>
									<rate>118</rate>
								</cmeasure><cmeasure>
									<altitude>154</altitude>
									<rate>107</rate>
								</cmeasure><cmeasure>
									<altitude>185</altitude>
									<rate>82</rate>
								</cmeasure><cmeasure>
									<altitude>204</altitude>
									<rate>80</rate>
								</cmeasure><cmeasure>
									<altitude>299</altitude>
									<rate>0</rate>
								</cmeasure></climb>
	<climb wep="on" altUnit="feet" rateUnit="mph" altFactor="96.46" rateFactor="14.87" altOffset="0" rateOffset="1000">
									<cmeasure>
										<altitude>0</altitude>
										<rate>165</rate>
									</cmeasure>
								<cmeasure>
									<altitude>86</altitude>
									<rate>148</rate>
								</cmeasure><cmeasure>
									<altitude>113</altitude>
									<rate>125</rate>
								</cmeasure><cmeasure>
									<altitude>152</altitude>
									<rate>122</rate>
								</cmeasure><cmeasure>
									<altitude>204</altitude>
									<rate>80</rate>
								</cmeasure><cmeasure>
									<altitude>299</altitude>
									<rate>0</rate>
								</cmeasure>
  </climb>
    <turn>
      <turnData flapPosition="none">
        <radius>197.69</radius>
        <degPerSec>20.00</degPerSec>
        <speed>155.00</speed>
        <time>18.00</time>
      </turnData>
      <turnData flapPosition="full">
        <radius>141.58</radius>
        <degPerSec>20.00</degPerSec>
        <speed>111.00</speed>
        <time>18.00</time>
      </turnData>
    </turn>	
</performance>
</aircraft>