<?xml version="1.0" encoding="UTF-8"?><?mso-infoPathSolution solutionVersion="1.0.0.11" productVersion="11.0.6357" PIVersion="1.0.0.0" href="http://www.my2cents.co.nz/AcesHigh.xsn" name="urn:schemas-microsoft-com:office:infopath:AcesHigh:" language="en-au" ?><?mso-application progid="InfoPath.Document"?><aircraft xmlns:xsi="http://www.w3.org/2001/XMLSchema-instance" xmlns:my="http://schemas.microsoft.com/office/infopath/2003/myXSD/2006-01-11T22:04:29" xmlns:xd="http://schemas.microsoft.com/office/infopath/2003">
	<details>
		<type>FM2</type>
		<fuel unit="Gallons">0</fuel>
	</details>
	<performance>
		<speed wep="off" altUnit="feet" tasUnit="mph" altFactor="109.034" tasFactor="0.389" altOffset="0" tasOffset="250">
			<smeasure>
				<altitude>0</altitude>
				<tas>114</tas>
			</smeasure>
		<smeasure>
									<altitude>19</altitude>
									<tas>136</tas>
								</smeasure><smeasure>
									<altitude>82</altitude>
									<tas>136</tas>
								</smeasure><smeasure>
									<altitude>145</altitude>
									<tas>181</tas>
								</smeasure><smeasure>
									<altitude>166</altitude>
									<tas>175</tas>
								</smeasure><smeasure>
									<altitude>180</altitude>
									<tas>166</tas>
								</smeasure><smeasure>
									<altitude>193</altitude>
									<tas>160</tas>
								</smeasure><smeasure>
									<altitude>208</altitude>
									<tas>145</tas>
								</smeasure><smeasure>
									<altitude>225</altitude>
									<tas>134</tas>
								</smeasure><smeasure>
									<altitude>238</altitude>
									<tas>121</tas>
								</smeasure><smeasure>
									<altitude>266</altitude>
									<tas>82</tas>
								</smeasure><smeasure>
									<altitude>303</altitude>
									<tas>20</tas>
								</smeasure><smeasure>
									<altitude>315</altitude>
									<tas>0</tas>
								</smeasure></speed>
		<speed wep="on" altUnit="feet" tasUnit="mph" altFactor="109.034" tasFactor="0.389" altOffset="0" tasOffset="250">
									<smeasure>
										<altitude>0</altitude>
										<tas>127</tas>
									</smeasure>
								<smeasure>
									<altitude>19</altitude>
									<tas>150</tas>
								</smeasure><smeasure>
									<altitude>82</altitude>
									<tas>150</tas>
								</smeasure><smeasure>
									<altitude>136</altitude>
									<tas>186</tas>
								</smeasure><smeasure>
									<altitude>145</altitude>
									<tas>181</tas>
								</smeasure><smeasure>
									<altitude>166</altitude>
									<tas>175</tas>
								</smeasure><smeasure>
									<altitude>180</altitude>
									<tas>166</tas>
								</smeasure><smeasure>
									<altitude>193</altitude>
									<tas>160</tas>
								</smeasure><smeasure>
									<altitude>208</altitude>
									<tas>145</tas>
								</smeasure><smeasure>
									<altitude>225</altitude>
									<tas>134</tas>
								</smeasure><smeasure>
									<altitude>238</altitude>
									<tas>121</tas>
								</smeasure><smeasure>
									<altitude>266</altitude>
									<tas>82</tas>
								</smeasure><smeasure>
									<altitude>303</altitude>
									<tas>20</tas>
								</smeasure><smeasure>
									<altitude>315</altitude>
									<tas>0</tas>
								</smeasure></speed><climb wep="off" altUnit="feet" rateUnit="fps" altFactor="92.308" rateFactor="15.873" altOffset="0" rateOffset="0">
			<cmeasure>
				<altitude>0</altitude>
				<rate>202</rate>
			</cmeasure>
		<cmeasure>
									<altitude>149</altitude>
									<rate>119</rate>
								</cmeasure><cmeasure>
									<altitude>195</altitude>
									<rate>114</rate>
								</cmeasure><cmeasure>
									<altitude>324</altitude>
									<rate>14</rate>
								</cmeasure></climb>
		<climb wep="on" altUnit="feet" rateUnit="fps" altFactor="92.308" rateFactor="15.873" altOffset="0" rateOffset="0">
									<cmeasure>
										<altitude>0</altitude>
										<rate>214</rate>
									</cmeasure>
								<cmeasure>
									<altitude>183</altitude>
									<rate>116</rate>
								</cmeasure><cmeasure>
									<altitude>195</altitude>
									<rate>114</rate>
								</cmeasure><cmeasure>
									<altitude>324</altitude>
									<rate>14</rate>
								</cmeasure>
    </climb>
    <turn>
      <turnData flapPosition="none">
        <radius>157.40</radius>
        <degPerSec>22.00</degPerSec>
        <speed>136.00</speed>
        <time>16.33</time>
      </turnData>
      <turnData flapPosition="full">
        <radius>123.60</radius>
        <degPerSec>18.80</degPerSec>
        <speed>91.00</speed>
        <time>19.16</time>
      </turnData>
    </turn>
	</performance>
</aircraft>