<?xml version="1.0" encoding="UTF-8"?><?mso-infoPathSolution solutionVersion="1.0.0.11" productVersion="11.0.6357" PIVersion="1.0.0.0" href="http://www.my2cents.co.nz/AcesHigh.xsn" name="urn:schemas-microsoft-com:office:infopath:AcesHigh:" language="en-au" ?><?mso-application progid="InfoPath.Document"?><aircraft xmlns:xsi="http://www.w3.org/2001/XMLSchema-instance" xmlns:my="http://schemas.microsoft.com/office/infopath/2003/myXSD/2006-01-11T22:04:29" xmlns:xd="http://schemas.microsoft.com/office/infopath/2003">
	<details>
		<type>FW 190F-8</type>
		<fuel unit="Gallons">0</fuel>
	</details>
	<performance>
		<speed wep="off" altUnit="feet" tasUnit="mph" altFactor="96.463" tasFactor="0.641" altOffset="0" tasOffset="275">
			<smeasure>
				<altitude>0</altitude>
				<tas>82</tas>
			</smeasure>
		<smeasure>
									<altitude>51</altitude>
									<tas>111</tas>
								</smeasure><smeasure>
									<altitude>104</altitude>
									<tas>102</tas>
								</smeasure><smeasure>
									<altitude>112</altitude>
									<tas>111</tas>
								</smeasure><smeasure>
									<altitude>142</altitude>
									<tas>127</tas>
								</smeasure><smeasure>
									<altitude>144</altitude>
									<tas>131</tas>
								</smeasure><smeasure>
									<altitude>169</altitude>
									<tas>146</tas>
								</smeasure><smeasure>
									<altitude>202</altitude>
									<tas>166</tas>
								</smeasure><smeasure>
									<altitude>207</altitude>
									<tas>167</tas>
								</smeasure><smeasure>
									<altitude>214</altitude>
									<tas>165</tas>
								</smeasure><smeasure>
									<altitude>249</altitude>
									<tas>146</tas>
								</smeasure><smeasure>
									<altitude>263</altitude>
									<tas>141</tas>
								</smeasure><smeasure>
									<altitude>278</altitude>
									<tas>127</tas>
								</smeasure><smeasure>
									<altitude>288</altitude>
									<tas>121</tas>
								</smeasure><smeasure>
									<altitude>311</altitude>
									<tas>98</tas>
								</smeasure></speed>
		<speed wep="on" altUnit="feet" tasUnit="mph" altFactor="96.463" tasFactor="0.641" altOffset="0" tasOffset="275">
									<smeasure>
										<altitude>0</altitude>
										<tas>118</tas>
									</smeasure>
								<smeasure>
									<altitude>19</altitude>
									<tas>130</tas>
								</smeasure><smeasure>
									<altitude>52</altitude>
									<tas>130</tas>
								</smeasure><smeasure>
									<altitude>79</altitude>
									<tas>126</tas>
								</smeasure><smeasure>
									<altitude>197</altitude>
									<tas>201</tas>
								</smeasure><smeasure>
									<altitude>215</altitude>
									<tas>196</tas>
								</smeasure><smeasure>
									<altitude>247</altitude>
									<tas>180</tas>
								</smeasure><smeasure>
									<altitude>274</altitude>
									<tas>162</tas>
								</smeasure><smeasure>
									<altitude>311</altitude>
									<tas>130</tas>
								</smeasure></speed><climb wep="off" altUnit="feet" rateUnit="fps" altFactor="96.774" rateFactor="18.52" altOffset="0" rateOffset="0">
			<cmeasure>
				<altitude>0</altitude>
				<rate>128</rate>
			</cmeasure>
		<cmeasure>
									<altitude>30</altitude>
									<rate>131</rate>
								</cmeasure><cmeasure>
									<altitude>83</altitude>
									<rate>99</rate>
								</cmeasure><cmeasure>
									<altitude>184</altitude>
									<rate>94</rate>
								</cmeasure><cmeasure>
									<altitude>310</altitude>
									<rate>18</rate>
								</cmeasure></climb>
		<climb wep="on" altUnit="feet" rateUnit="fps" altFactor="96.774" rateFactor="18.52" altOffset="0" rateOffset="0">
									<cmeasure>
										<altitude>0</altitude>
										<rate>166</rate>
									</cmeasure>
								<cmeasure>
									<altitude>10</altitude>
									<rate>167</rate>
								</cmeasure><cmeasure>
									<altitude>53</altitude>
									<rate>142</rate>
								</cmeasure><cmeasure>
									<altitude>164</altitude>
									<rate>133</rate>
								</cmeasure><cmeasure>
									<altitude>185</altitude>
									<rate>114</rate>
								</cmeasure><cmeasure>
									<altitude>310</altitude>
									<rate>36</rate>
								</cmeasure>
    </climb>
    <turn>
      <turnData flapPosition="none">
        <radius>270.60</radius>
        <degPerSec>16.90</degPerSec>
        <speed>179.00</speed>
        <time>21.33</time>
      </turnData>
      <turnData flapPosition="full">
        <radius>204.52</radius>
        <degPerSec>15.30</degPerSec>
        <speed>123.00</speed>
        <time>23.46</time>
      </turnData>
    </turn>
	</performance>
</aircraft>