<?xml version="1.0" encoding="UTF-8"?><?mso-infoPathSolution solutionVersion="1.0.0.11" productVersion="11.0.6357" PIVersion="1.0.0.0" href="http://www.my2cents.co.nz/AcesHigh.xsn" name="urn:schemas-microsoft-com:office:infopath:AcesHigh:" language="en-au" ?><?mso-application progid="InfoPath.Document"?><aircraft xmlns:xsi="http://www.w3.org/2001/XMLSchema-instance" xmlns:my="http://schemas.microsoft.com/office/infopath/2003/myXSD/2006-01-11T22:04:29" xmlns:xd="http://schemas.microsoft.com/office/infopath/2003">
	<details>
		<type>FW 190A-8</type>
		<fuel unit="Gallons">0</fuel>
	</details>
	<performance>
		<speed wep="off" altUnit="feet" tasUnit="mph" altFactor="96.463" tasFactor="0.639" altOffset="0" tasOffset="275">
			<smeasure>
				<altitude>0</altitude>
				<tas>81</tas>
			</smeasure>
		<smeasure>
									<altitude>52</altitude>
									<tas>111</tas>
								</smeasure><smeasure>
									<altitude>101</altitude>
									<tas>102</tas>
								</smeasure><smeasure>
									<altitude>206</altitude>
									<tas>167</tas>
								</smeasure><smeasure>
									<altitude>253</altitude>
									<tas>144</tas>
								</smeasure><smeasure>
									<altitude>264</altitude>
									<tas>140</tas>
								</smeasure><smeasure>
									<altitude>288</altitude>
									<tas>121</tas>
								</smeasure><smeasure>
									<altitude>311</altitude>
									<tas>99</tas>
								</smeasure></speed>
		<speed wep="on" altUnit="feet" tasUnit="mph" altFactor="96.463" tasFactor="0.639" altOffset="0" tasOffset="275">
									<smeasure>
										<altitude>0</altitude>
										<tas>118</tas>
									</smeasure>
								<smeasure>
									<altitude>20</altitude>
									<tas>130</tas>
								</smeasure><smeasure>
									<altitude>55</altitude>
									<tas>130</tas>
								</smeasure><smeasure>
									<altitude>73</altitude>
									<tas>127</tas>
								</smeasure><smeasure>
									<altitude>82</altitude>
									<tas>127</tas>
								</smeasure><smeasure>
									<altitude>195</altitude>
									<tas>200</tas>
								</smeasure><smeasure>
									<altitude>216</altitude>
									<tas>195</tas>
								</smeasure><smeasure>
									<altitude>245</altitude>
									<tas>182</tas>
								</smeasure><smeasure>
									<altitude>268</altitude>
									<tas>168</tas>
								</smeasure><smeasure>
									<altitude>311</altitude>
									<tas>131</tas>
								</smeasure></speed><climb wep="off" altUnit="feet" rateUnit="fps" altFactor="96.463" rateFactor="20.408" altOffset="0" rateOffset="0">
			<cmeasure>
				<altitude>0</altitude>
				<rate>129</rate>
			</cmeasure>
		<cmeasure>
									<altitude>28</altitude>
									<rate>131</rate>
								</cmeasure><cmeasure>
									<altitude>86</altitude>
									<rate>99</rate>
								</cmeasure><cmeasure>
									<altitude>159</altitude>
									<rate>93</rate>
								</cmeasure><cmeasure>
									<altitude>185</altitude>
									<rate>93</rate>
								</cmeasure><cmeasure>
									<altitude>225</altitude>
									<rate>69</rate>
								</cmeasure><cmeasure>
									<altitude>230</altitude>
									<rate>63</rate>
								</cmeasure><cmeasure>
									<altitude>310</altitude>
									<rate>18</rate>
								</cmeasure></climb>
		<climb wep="on" altUnit="feet" rateUnit="fps" altFactor="96.463" rateFactor="20.408" altOffset="0" rateOffset="0">
									<cmeasure>
										<altitude>0</altitude>
										<rate>166</rate>
									</cmeasure>
								<cmeasure>
									<altitude>11</altitude>
									<rate>167</rate>
								</cmeasure><cmeasure>
									<altitude>54</altitude>
									<rate>142</rate>
								</cmeasure><cmeasure>
									<altitude>165</altitude>
									<rate>132</rate>
								</cmeasure><cmeasure>
									<altitude>188</altitude>
									<rate>112</rate>
								</cmeasure><cmeasure>
									<altitude>310</altitude>
									<rate>36</rate>
								</cmeasure>
    </climb>
    <turn>
      <turnData flapPosition="none">
        <radius>266.36</radius>
        <degPerSec>17.10</degPerSec>
        <speed>179.00</speed>
        <time>21.00</time>
      </turnData>
      <turnData flapPosition="full">
        <radius>199.40</radius>
        <degPerSec>16.10</degPerSec>
        <speed>126.00</speed>
        <time>22.33</time>
      </turnData>
    </turn>
	</performance>
</aircraft>