<?xml version="1.0" encoding="UTF-8"?><?mso-infoPathSolution solutionVersion="1.0.0.11" productVersion="11.0.6357" PIVersion="1.0.0.0" href="http://www.my2cents.co.nz/AcesHigh.xsn" name="urn:schemas-microsoft-com:office:infopath:AcesHigh:" language="en-au" ?><?mso-application progid="InfoPath.Document"?><aircraft xmlns:xsi="http://www.w3.org/2001/XMLSchema-instance" xmlns:my="http://schemas.microsoft.com/office/infopath/2003/myXSD/2006-01-11T22:04:29" xmlns:xd="http://schemas.microsoft.com/office/infopath/2003">
	<details>
		<type>FW 190A-5</type>
		<fuel unit="Gallons">0</fuel>
	</details>
	<performance>
		<speed wep="off" altUnit="" tasUnit="" altFactor="96.463" tasFactor="0.641" altOffset="0" tasOffset="275">
			<smeasure>
				<altitude>0</altitude>
				<tas>82</tas>
			</smeasure>
		<smeasure>
									<altitude>64</altitude>
									<tas>129</tas>
								</smeasure><smeasure>
									<altitude>102</altitude>
									<tas>122</tas>
								</smeasure><smeasure>
									<altitude>185</altitude>
									<tas>173</tas>
								</smeasure><smeasure>
									<altitude>206</altitude>
									<tas>188</tas>
								</smeasure><smeasure>
									<altitude>247</altitude>
									<tas>182</tas>
								</smeasure><smeasure>
									<altitude>280</altitude>
									<tas>171</tas>
								</smeasure><smeasure>
									<altitude>292</altitude>
									<tas>169</tas>
								</smeasure><smeasure>
									<altitude>311</altitude>
									<tas>155</tas>
								</smeasure></speed>
		<speed wep="on" altUnit="" tasUnit="" altFactor="96.463" tasFactor="0.641" altOffset="0" tasOffset="275">
									<smeasure>
										<altitude>0</altitude>
										<tas>102</tas>
									</smeasure>
								<smeasure>
									<altitude>63</altitude>
									<tas>150</tas>
								</smeasure><smeasure>
									<altitude>98</altitude>
									<tas>145</tas>
								</smeasure><smeasure>
									<altitude>113</altitude>
									<tas>145</tas>
								</smeasure><smeasure>
									<altitude>219</altitude>
									<tas>208</tas>
								</smeasure><smeasure>
									<altitude>251</altitude>
									<tas>204</tas>
								</smeasure><smeasure>
									<altitude>290</altitude>
									<tas>192</tas>
								</smeasure><smeasure>
									<altitude>311</altitude>
									<tas>177</tas>
								</smeasure></speed><climb wep="off" altUnit="feet" rateUnit="fps" altFactor="96.463" rateFactor="20.408" altOffset="0" rateOffset="0">
			<cmeasure>
				<altitude>0</altitude>
				<rate>157</rate>
			</cmeasure>
		<cmeasure>
									<altitude>33</altitude>
									<rate>164</rate>
								</cmeasure><cmeasure>
									<altitude>37</altitude>
									<rate>166</rate>
								</cmeasure><cmeasure>
									<altitude>42</altitude>
									<rate>166</rate>
								</cmeasure><cmeasure>
									<altitude>91</altitude>
									<rate>116</rate>
								</cmeasure><cmeasure>
									<altitude>185</altitude>
									<rate>132</rate>
								</cmeasure><cmeasure>
									<altitude>198</altitude>
									<rate>120</rate>
								</cmeasure><cmeasure>
									<altitude>310</altitude>
									<rate>36</rate>
								</cmeasure></climb>
		<climb wep="on" altUnit="feet" rateUnit="fps" altFactor="96.463" rateFactor="20.408" altOffset="0" rateOffset="0">
									<cmeasure>
										<altitude>0</altitude>
										<rate>192</rate>
									</cmeasure>
								<cmeasure>
									<altitude>42</altitude>
									<rate>199</rate>
								</cmeasure><cmeasure>
									<altitude>94</altitude>
									<rate>150</rate>
								</cmeasure><cmeasure>
									<altitude>103</altitude>
									<rate>139</rate>
								</cmeasure><cmeasure>
									<altitude>181</altitude>
									<rate>150</rate>
								</cmeasure><cmeasure>
									<altitude>193</altitude>
									<rate>148</rate>
								</cmeasure><cmeasure>
									<altitude>210</altitude>
									<rate>135</rate>
								</cmeasure><cmeasure>
									<altitude>229</altitude>
									<rate>117</rate>
								</cmeasure><cmeasure>
									<altitude>310</altitude>
									<rate>53</rate>
								</cmeasure>
    </climb>
    <turn>
      <turnData flapPosition="none">
        <radius>239.76</radius>
        <degPerSec>18.60</degPerSec>
        <speed>175.00</speed>
        <time>19.33</time>
      </turnData>
      <turnData flapPosition="full">
        <radius>177.88</radius>
        <degPerSec>18.20</degPerSec>
        <speed>127.00</speed>
        <time>19.76</time>
      </turnData>
    </turn>
	</performance>
</aircraft>