<?xml version="1.0" encoding="UTF-8"?><?mso-infoPathSolution solutionVersion="1.0.0.11" productVersion="11.0.6357" PIVersion="1.0.0.0" href="http://www.my2cents.co.nz/AcesHigh.xsn" name="urn:schemas-microsoft-com:office:infopath:AcesHigh:" language="en-au" ?><?mso-application progid="InfoPath.Document"?><aircraft xmlns:xsi="http://www.w3.org/2001/XMLSchema-instance" xmlns:my="http://schemas.microsoft.com/office/infopath/2003/myXSD/2006-01-11T22:04:29" xmlns:xd="http://schemas.microsoft.com/office/infopath/2003">
	<details>
		<type>FW 190D-9</type>
		<fuel unit="Gallons">0</fuel>
	</details>
	<performance>
		<speed wep="off" altUnit="feet" tasUnit="mph" altFactor="96.463" tasFactor="0.641" altOffset="0" tasOffset="300">
			<smeasure>
				<altitude>0</altitude>
				<tas>73</tas>
			</smeasure>
		<smeasure>
									<altitude>37</altitude>
									<tas>96</tas>
								</smeasure><smeasure>
									<altitude>60</altitude>
									<tas>108</tas>
								</smeasure><smeasure>
									<altitude>62</altitude>
									<tas>112</tas>
								</smeasure><smeasure>
									<altitude>102</altitude>
									<tas>136</tas>
								</smeasure><smeasure>
									<altitude>125</altitude>
									<tas>136</tas>
								</smeasure><smeasure>
									<altitude>225</altitude>
									<tas>192</tas>
								</smeasure><smeasure>
									<altitude>252</altitude>
									<tas>187</tas>
								</smeasure><smeasure>
									<altitude>280</altitude>
									<tas>179</tas>
								</smeasure><smeasure>
									<altitude>311</altitude>
									<tas>165</tas>
								</smeasure></speed>
		<speed wep="on" altUnit="feet" tasUnit="mph" altFactor="96.463" tasFactor="0.641" altOffset="0" tasOffset="300">
									<smeasure>
										<altitude>0</altitude>
										<tas>120</tas>
									</smeasure>
								<smeasure>
									<altitude>67</altitude>
									<tas>153</tas>
								</smeasure><smeasure>
									<altitude>71</altitude>
									<tas>158</tas>
								</smeasure><smeasure>
									<altitude>84</altitude>
									<tas>158</tas>
								</smeasure><smeasure>
									<altitude>186</altitude>
									<tas>204</tas>
								</smeasure><smeasure>
									<altitude>266</altitude>
									<tas>188</tas>
								</smeasure><smeasure>
									<altitude>311</altitude>
									<tas>168</tas>
								</smeasure></speed><climb wep="off" altUnit="feet" rateUnit="fps" altFactor="96.774" rateFactor="16.39" altOffset="0" rateOffset="1000">
			<cmeasure>
				<altitude>0</altitude>
				<rate>144</rate>
			</cmeasure>
		<cmeasure>
									<altitude>81</altitude>
									<rate>139</rate>
								</cmeasure><cmeasure>
									<altitude>93</altitude>
									<rate>135</rate>
								</cmeasure><cmeasure>
									<altitude>182</altitude>
									<rate>121</rate>
								</cmeasure><cmeasure>
									<altitude>195</altitude>
									<rate>121</rate>
								</cmeasure><cmeasure>
									<altitude>310</altitude>
									<rate>45</rate>
								</cmeasure></climb>
		<climb wep="on" altUnit="feet" rateUnit="fps" altFactor="96.774" rateFactor="16.39" altOffset="0" rateOffset="1000">
									<cmeasure>
										<altitude>0</altitude>
										<rate>201</rate>
									</cmeasure>
								<cmeasure>
									<altitude>52</altitude>
									<rate>197</rate>
								</cmeasure><cmeasure>
									<altitude>62</altitude>
									<rate>188</rate>
								</cmeasure><cmeasure>
									<altitude>154</altitude>
									<rate>176</rate>
								</cmeasure><cmeasure>
									<altitude>259</altitude>
									<rate>96</rate>
								</cmeasure><cmeasure>
									<altitude>270</altitude>
									<rate>91</rate>
								</cmeasure><cmeasure>
									<altitude>276</altitude>
									<rate>82</rate>
								</cmeasure><cmeasure>
									<altitude>310</altitude>
									<rate>57</rate>
								</cmeasure>
    </climb>
    <turn>
      <turnData flapPosition="none">
        <radius>257.83</radius>
        <degPerSec>18.30</degPerSec>
        <speed>185.00</speed>
        <time>19.66</time>
      </turnData>
      <turnData flapPosition="full">
        <radius>191.02</radius>
        <degPerSec>17.80</degPerSec>
        <speed>133.00</speed>
        <time>20.26</time>
      </turnData>
    </turn>
	</performance>
</aircraft>