<?xml version="1.0" encoding="UTF-8"?><?mso-infoPathSolution solutionVersion="1.0.0.11" productVersion="11.0.6357" PIVersion="1.0.0.0" href="http://www.my2cents.co.nz/AcesHigh.xsn" name="urn:schemas-microsoft-com:office:infopath:AcesHigh:" language="en-au" ?><?mso-application progid="InfoPath.Document"?><aircraft xmlns:xsi="http://www.w3.org/2001/XMLSchema-instance" xmlns:my="http://schemas.microsoft.com/office/infopath/2003/myXSD/2006-01-11T22:04:29" xmlns:xd="http://schemas.microsoft.com/office/infopath/2003">
	<details>
		<type>Hurricane IId</type>
		<fuel unit="">0</fuel>
	</details>
	<performance>
		<speed wep="off" altUnit="feet" tasUnit="mph" altFactor="96.463" tasFactor="0.639" altOffset="0" tasOffset="225">
			<smeasure>
				<altitude>0</altitude>
				<tas>59</tas>
			</smeasure>
		<smeasure>
									<altitude>114</altitude>
									<tas>133</tas>
								</smeasure><smeasure>
									<altitude>157</altitude>
									<tas>129</tas>
								</smeasure><smeasure>
									<altitude>194</altitude>
									<tas>161</tas>
								</smeasure><smeasure>
									<altitude>199</altitude>
									<tas>161</tas>
								</smeasure><smeasure>
									<altitude>249</altitude>
									<tas>146</tas>
								</smeasure><smeasure>
									<altitude>282</altitude>
									<tas>133</tas>
								</smeasure><smeasure>
									<altitude>298</altitude>
									<tas>123</tas>
								</smeasure><smeasure>
									<altitude>311</altitude>
									<tas>116</tas>
								</smeasure></speed>
		<speed wep="on" altUnit="feet" tasUnit="mph" altFactor="96.463" tasFactor="0.639" altOffset="0" tasOffset="225">
									<smeasure>
										<altitude>0</altitude>
										<tas>79</tas>
									</smeasure>
								<smeasure>
									<altitude>71</altitude>
									<tas>126</tas>
								</smeasure><smeasure>
									<altitude>102</altitude>
									<tas>126</tas>
								</smeasure><smeasure>
									<altitude>118</altitude>
									<tas>135</tas>
								</smeasure><smeasure>
									<altitude>134</altitude>
									<tas>150</tas>
								</smeasure><smeasure>
									<altitude>172</altitude>
									<tas>142</tas>
								</smeasure><smeasure>
									<altitude>194</altitude>
									<tas>161</tas>
								</smeasure><smeasure>
									<altitude>199</altitude>
									<tas>161</tas>
								</smeasure><smeasure>
									<altitude>249</altitude>
									<tas>146</tas>
								</smeasure><smeasure>
									<altitude>282</altitude>
									<tas>133</tas>
								</smeasure><smeasure>
									<altitude>298</altitude>
									<tas>123</tas>
								</smeasure><smeasure>
									<altitude>311</altitude>
									<tas>116</tas>
								</smeasure></speed><climb wep="off" altUnit="feet" rateUnit="fps" altFactor="96.774" rateFactor="14.87" altOffset="0" rateOffset="1000">
			<cmeasure>
				<altitude>0</altitude>
				<rate>119</rate>
			</cmeasure>
		<cmeasure>
									<altitude>100</altitude>
									<rate>107</rate>
								</cmeasure><cmeasure>
									<altitude>145</altitude>
									<rate>75</rate>
								</cmeasure><cmeasure>
									<altitude>183</altitude>
									<rate>72</rate>
								</cmeasure><cmeasure>
									<altitude>283</altitude>
									<rate>0</rate>
								</cmeasure></climb>
		<climb wep="on" altUnit="feet" rateUnit="fps" altFactor="96.774" rateFactor="14.87" altOffset="0" rateOffset="1000">
									<cmeasure>
										<altitude>0</altitude>
										<rate>146</rate>
									</cmeasure>
								<cmeasure>
									<altitude>20</altitude>
									<rate>143</rate>
								</cmeasure><cmeasure>
									<altitude>31</altitude>
									<rate>143</rate>
								</cmeasure><cmeasure>
									<altitude>60</altitude>
									<rate>139</rate>
								</cmeasure><cmeasure>
									<altitude>85</altitude>
									<rate>123</rate>
								</cmeasure><cmeasure>
									<altitude>120</altitude>
									<rate>120</rate>
								</cmeasure><cmeasure>
									<altitude>143</altitude>
									<rate>101</rate>
								</cmeasure><cmeasure>
									<altitude>155</altitude>
									<rate>96</rate>
								</cmeasure><cmeasure>
									<altitude>183</altitude>
									<rate>72</rate>
								</cmeasure><cmeasure>
									<altitude>283</altitude>
									<rate>0</rate>
								</cmeasure>
    </climb>
    <turn>
      <turnData flapPosition="none">
        <radius>160.87</radius>
        <degPerSec>22.00</degPerSec>
        <speed>139.00</speed>
        <time>16.33</time>
      </turnData>
      <turnData flapPosition="full">
        <radius>131.67</radius>
        <degPerSec>20.10</degPerSec>
        <speed>104.00</speed>
        <time>17.86</time>
      </turnData>
    </turn>
	</performance>
</aircraft>