<?xml version="1.0" encoding="UTF-8"?><?mso-infoPathSolution solutionVersion="1.0.0.11" productVersion="11.0.6357" PIVersion="1.0.0.0" href="http://www.my2cents.co.nz/AcesHigh.xsn" name="urn:schemas-microsoft-com:office:infopath:AcesHigh:" language="en-au" ?><?mso-application progid="InfoPath.Document"?><aircraft xmlns:xsi="http://www.w3.org/2001/XMLSchema-instance" xmlns:my="http://schemas.microsoft.com/office/infopath/2003/myXSD/2006-01-11T22:04:29" xmlns:xd="http://schemas.microsoft.com/office/infopath/2003">
	<details>
		<type>Hurricane I</type>
		<fuel unit="">0</fuel>
	</details>
	<performance>
		<speed wep="off" altUnit="feet" tasUnit="mph" altFactor="102.39" tasFactor="0.769" altOffset="0" tasOffset="200">
			<smeasure>
				<altitude>0</altitude>
				<tas>69</tas>
			</smeasure>
		<smeasure>
									<altitude>166</altitude>
									<tas>157</tas>
								</smeasure><smeasure>
									<altitude>291</altitude>
									<tas>82</tas>
								</smeasure></speed>
		<speed wep="on" altUnit="feet" tasUnit="mph" altFactor="102.39" tasFactor="0.769" altOffset="0" tasOffset="200">
									<smeasure>
										<altitude>0</altitude>
										<tas>79</tas>
									</smeasure>
								<smeasure>
									<altitude>155</altitude>
									<tas>163</tas>
								</smeasure><smeasure>
									<altitude>291</altitude>
									<tas>82</tas>
								</smeasure></speed><climb wep="off" altUnit="feet" rateUnit="fps" altFactor="106.01" rateFactor="16" altOffset="0" rateOffset="0">
			<cmeasure>
				<altitude>0</altitude>
				<rate>156</rate>
			</cmeasure>
		<cmeasure>
									<altitude>94</altitude>
									<rate>162</rate>
								</cmeasure><cmeasure>
									<altitude>179</altitude>
									<rate>103</rate>
								</cmeasure><cmeasure>
									<altitude>188</altitude>
									<rate>98</rate>
								</cmeasure><cmeasure>
									<altitude>253</altitude>
									<rate>52</rate>
								</cmeasure><cmeasure>
									<altitude>264</altitude>
									<rate>43</rate>
								</cmeasure><cmeasure>
									<altitude>281</altitude>
									<rate>33</rate>
								</cmeasure></climb>
		<climb wep="on" altUnit="feet" rateUnit="fps" altFactor="106.01" rateFactor="16" altOffset="0" rateOffset="0">
									<cmeasure>
										<altitude>0</altitude>
										<rate>174</rate>
									</cmeasure>
								<cmeasure>
									<altitude>66</altitude>
									<rate>178</rate>
								</cmeasure><cmeasure>
									<altitude>75</altitude>
									<rate>181</rate>
								</cmeasure><cmeasure>
									<altitude>94</altitude>
									<rate>162</rate>
								</cmeasure><cmeasure>
									<altitude>179</altitude>
									<rate>103</rate>
								</cmeasure><cmeasure>
									<altitude>188</altitude>
									<rate>98</rate>
								</cmeasure><cmeasure>
									<altitude>253</altitude>
									<rate>52</rate>
								</cmeasure><cmeasure>
									<altitude>264</altitude>
									<rate>43</rate>
								</cmeasure><cmeasure>
									<altitude>281</altitude>
									<rate>33</rate>
								</cmeasure>
    </climb>
    <turn>
      <turnData flapPosition="none">
        <radius>127.99</radius>
        <degPerSec>25.70</degPerSec>
        <speed>129.00</speed>
        <time>14.00</time>
      </turnData>
      <turnData flapPosition="full">
        <radius>106.04</radius>
        <degPerSec>22.90</degPerSec>
        <speed>95.00</speed>
        <time>15.76</time>
      </turnData>
    </turn>
	</performance>
</aircraft>