<?xml version="1.0" encoding="UTF-8"?><?mso-infoPathSolution solutionVersion="1.0.0.11" productVersion="11.0.6357" PIVersion="1.0.0.0" href="http://www.my2cents.co.nz/AcesHigh.xsn" name="urn:schemas-microsoft-com:office:infopath:AcesHigh:" language="en-au" ?><?mso-application progid="InfoPath.Document"?><aircraft xmlns:xsi="http://www.w3.org/2001/XMLSchema-instance" xmlns:my="http://schemas.microsoft.com/office/infopath/2003/myXSD/2006-01-11T22:04:29" xmlns:xd="http://schemas.microsoft.com/office/infopath/2003">
	<details>
		<type>Ki-61-I-KAIc</type>
		<fuel unit="">0</fuel>
	</details>
	<performance>
		<speed wep="off" altUnit="feet" tasUnit="mph" altFactor="96.463" tasFactor="0.73" altOffset="0" tasOffset="250">
			<smeasure>
				<altitude>0</altitude>
				<tas>77</tas>
			</smeasure>
		<smeasure>
									<altitude>144</altitude>
									<tas>158</tas>
								</smeasure><smeasure>
									<altitude>189</altitude>
									<tas>140</tas>
								</smeasure><smeasure>
									<altitude>247</altitude>
									<tas>109</tas>
								</smeasure><smeasure>
									<altitude>282</altitude>
									<tas>91</tas>
								</smeasure><smeasure>
									<altitude>311</altitude>
									<tas>73</tas>
								</smeasure></speed>
		<speed wep="on" altUnit="feet" tasUnit="mph" altFactor="96.463" tasFactor="0.73" altOffset="0" tasOffset="250">
									<smeasure>
										<altitude>0</altitude>
										<tas>89</tas>
									</smeasure>
								<smeasure>
									<altitude>136</altitude>
									<tas>165</tas>
								</smeasure><smeasure>
									<altitude>143</altitude>
									<tas>163</tas>
								</smeasure><smeasure>
									<altitude>203</altitude>
									<tas>138</tas>
								</smeasure><smeasure>
									<altitude>248</altitude>
									<tas>115</tas>
								</smeasure><smeasure>
									<altitude>286</altitude>
									<tas>93</tas>
								</smeasure><smeasure>
									<altitude>311</altitude>
									<tas>74</tas>
								</smeasure></speed><climb wep="off" altUnit="feet" rateUnit="fps" altFactor="96.774" rateFactor="14.81" altOffset="0" rateOffset="0">
			<cmeasure>
				<altitude>0</altitude>
				<rate>182</rate>
			</cmeasure>
		<cmeasure>
									<altitude>118</altitude>
									<rate>170</rate>
								</cmeasure><cmeasure>
									<altitude>132</altitude>
									<rate>170</rate>
								</cmeasure><cmeasure>
									<altitude>143</altitude>
									<rate>161</rate>
								</cmeasure><cmeasure>
									<altitude>161</altitude>
									<rate>144</rate>
								</cmeasure><cmeasure>
									<altitude>177</altitude>
									<rate>135</rate>
								</cmeasure><cmeasure>
									<altitude>202</altitude>
									<rate>112</rate>
								</cmeasure><cmeasure>
									<altitude>268</altitude>
									<rate>61</rate>
								</cmeasure><cmeasure>
									<altitude>310</altitude>
									<rate>27</rate>
								</cmeasure></climb>
		<climb wep="on" altUnit="feet" rateUnit="fps" altFactor="96.774" rateFactor="14.81" altOffset="0" rateOffset="0">
									<cmeasure>
										<altitude>0</altitude>
										<rate>199</rate>
									</cmeasure>
								<cmeasure>
									<altitude>132</altitude>
									<rate>186</rate>
								</cmeasure><cmeasure>
									<altitude>310</altitude>
									<rate>32</rate>
								</cmeasure>
    </climb>
    <turn>
      <turnData flapPosition="none">
        <radius>186.72</radius>
        <degPerSec>21.20</degPerSec>
        <speed>155.00</speed>
        <time>17.00</time>
      </turnData>
      <turnData flapPosition="full">
        <radius>158.47</radius>
        <degPerSec>18.00</degPerSec>
        <speed>112.00</speed>
        <time>19.96</time>
      </turnData>
    </turn>
	</performance>
</aircraft>