<?xml version="1.0" encoding="UTF-8"?><?mso-infoPathSolution solutionVersion="1.0.0.11" PIVersion="1.0.0.0" href="http://www.my2cents.co.nz/AcesHigh.xsn" name="urn:schemas-microsoft-com:office:infopath:AcesHigh:" language="en-gb" productVersion="11.0.6565" ?><?mso-application progid="InfoPath.Document"?><aircraft xmlns:xsi="http://www.w3.org/2001/XMLSchema-instance" xmlns:my="http://schemas.microsoft.com/office/infopath/2003/myXSD/2006-01-11T22:04:29" xmlns:xd="http://schemas.microsoft.com/office/infopath/2003">
	<details>
		<type>Ki-84-I-Ko</type>
		<fuel unit="Gallons">0</fuel>
	</details>
	<performance>
		<speed wep="off" altUnit="feet" tasUnit="mph" altFactor="83.33" tasFactor="0.251" altOffset="0" tasOffset="300">
			<smeasure>
				<altitude>0</altitude>
				<tas>97</tas>
			</smeasure>
		<smeasure>
									<altitude>131</altitude>
									<tas>272</tas>
								</smeasure><smeasure>
									<altitude>192</altitude>
									<tas>247</tas>
								</smeasure><smeasure>
									<altitude>252</altitude>
									<tas>348</tas>
								</smeasure><smeasure>
									<altitude>277</altitude>
									<tas>323</tas>
								</smeasure><smeasure>
									<altitude>360</altitude>
									<tas>200</tas>
								</smeasure></speed>
		<speed wep="on" altUnit="feet" tasUnit="mph" altFactor="83.33" tasFactor="0.251" altOffset="0" tasOffset="300">
									<smeasure>
										<altitude>0</altitude>
										<tas>175</tas>
									</smeasure>
								<smeasure>
									<altitude>84</altitude>
									<tas>288</tas>
								</smeasure><smeasure>
									<altitude>157</altitude>
									<tas>262</tas>
								</smeasure><smeasure>
									<altitude>216</altitude>
									<tas>368</tas>
								</smeasure><smeasure>
									<altitude>231</altitude>
									<tas>362</tas>
								</smeasure><smeasure>
									<altitude>252</altitude>
									<tas>348</tas>
								</smeasure><smeasure>
									<altitude>277</altitude>
									<tas>323</tas>
								</smeasure><smeasure>
									<altitude>360</altitude>
									<tas>200</tas>
								</smeasure></speed><climb wep="off" altUnit="feet" rateUnit="fps" altFactor="83.33" rateFactor="10.03" altOffset="0" rateOffset="500">
			<cmeasure>
				<altitude>0</altitude>
				<rate>272</rate>
			</cmeasure>
		<cmeasure>
									<altitude>96</altitude>
									<rate>300</rate>
								</cmeasure><cmeasure>
									<altitude>168</altitude>
									<rate>186</rate>
								</cmeasure><cmeasure>
									<altitude>228</altitude>
									<rate>205</rate>
								</cmeasure><cmeasure>
									<altitude>360</altitude>
									<rate>3</rate>
								</cmeasure></climb>
		<climb wep="on" altUnit="feet" rateUnit="fps" altFactor="83.33" rateFactor="10.03" altOffset="0" rateOffset="500">
									<cmeasure>
										<altitude>0</altitude>
										<rate>352</rate>
									</cmeasure>
								<cmeasure>
									<altitude>60</altitude>
									<rate>370</rate>
								</cmeasure><cmeasure>
									<altitude>96</altitude>
									<rate>300</rate>
								</cmeasure><cmeasure>
									<altitude>131</altitude>
									<rate>243</rate>
								</cmeasure><cmeasure>
									<altitude>192</altitude>
									<rate>263</rate>
								</cmeasure><cmeasure>
									<altitude>360</altitude>
									<rate>3</rate>
								</cmeasure>
    </climb>
    <turn>
      <turnData flapPosition="none">
        <radius>181.42</radius>
        <degPerSec>22.50</degPerSec>
        <speed>160.00</speed>
        <time>16.00</time>
      </turnData>
      <turnData flapPosition="full">
        <radius>135.76</radius>
        <degPerSec>22.50</degPerSec>
        <speed>120.00</speed>
        <time>15.96</time>
      </turnData>
    </turn>
	</performance>
</aircraft>