<?xml version="1.0" encoding="UTF-8"?><?mso-infoPathSolution solutionVersion="1.0.0.6" productVersion="11.0.6357" PIVersion="1.0.0.0" href="file:///C:\ChrisWork\sourceRoot\Project\Other\PerformanceComparison\schemas\AircraftEntry.xsn" name="urn:schemas-microsoft-com:office:infopath:AircraftEntry:" language="en-au" ?><?mso-application progid="InfoPath.Document"?><aircraft xmlns:xsi="http://www.w3.org/2001/XMLSchema-instance" xmlns:xd="http://schemas.microsoft.com/office/infopath/2003" xmlns:my="http://schemas.microsoft.com/office/infopath/2003/myXSD/2006-01-11T22:04:29">
	<details>
		<type>LA-5fn</type>
		<fuel unit="gallons">0</fuel>
	</details>
	<performance>
		<speed wep="off" altUnit="feet" tasUnit="mph" altFactor="96.43" tasFactor="0.6363" altOffset="0" tasOffset="275">
			<smeasure>
				<altitude>0</altitude>
				<tas>98</tas>
			</smeasure>
		<smeasure>
									<altitude>61</altitude>
									<tas>143</tas>
								</smeasure><smeasure>
									<altitude>91</altitude>
									<tas>165</tas>
								</smeasure><smeasure>
									<altitude>163</altitude>
									<tas>152</tas>
								</smeasure><smeasure>
									<altitude>207</altitude>
									<tas>186</tas>
								</smeasure><smeasure>
									<altitude>268</altitude>
									<tas>155</tas>
								</smeasure><smeasure>
									<altitude>275</altitude>
									<tas>147</tas>
								</smeasure><smeasure>
									<altitude>291</altitude>
									<tas>141</tas>
								</smeasure><smeasure>
									<altitude>311</altitude>
									<tas>124</tas>
								</smeasure></speed>
		
	<speed wep="on" altUnit="feet" tasUnit="mph" altFactor="96.43" tasFactor="0.6363" altOffset="0" tasOffset="275">
									<smeasure>
										<altitude>0</altitude>
										<tas>129</tas>
									</smeasure>
								<smeasure>
									<altitude>21</altitude>
									<tas>144</tas>
								</smeasure><smeasure>
									<altitude>62</altitude>
									<tas>169</tas>
								</smeasure><smeasure>
									<altitude>163</altitude>
									<tas>152</tas>
								</smeasure><smeasure>
									<altitude>207</altitude>
									<tas>186</tas>
								</smeasure><smeasure>
									<altitude>268</altitude>
									<tas>155</tas>
								</smeasure><smeasure>
									<altitude>275</altitude>
									<tas>147</tas>
								</smeasure><smeasure>
									<altitude>291</altitude>
									<tas>141</tas>
								</smeasure><smeasure>
									<altitude>311</altitude>
									<tas>124</tas>
								</smeasure></speed><climb wep="off" altUnit="feet" rateUnit="mph" altFactor="96.7741" rateFactor="14.81" altOffset="0" rateOffset="500">
			<cmeasure>
				<altitude>0</altitude>
				<rate>206</rate>
			</cmeasure>
		<cmeasure>
									<altitude>70</altitude>
									<rate>223</rate>
								</cmeasure><cmeasure>
									<altitude>134</altitude>
									<rate>158</rate>
								</cmeasure><cmeasure>
									<altitude>149</altitude>
									<rate>157</rate>
								</cmeasure><cmeasure>
									<altitude>176</altitude>
									<rate>163</rate>
								</cmeasure><cmeasure>
									<altitude>310</altitude>
									<rate>20</rate>
								</cmeasure></climb><climb wep="on" altUnit="feet" rateUnit="mph" altFactor="96.7741" rateFactor="14.81" altOffset="0" rateOffset="500">
									<cmeasure>
										<altitude>0</altitude>
										<rate>259</rate>
									</cmeasure>
								<cmeasure>
									<altitude>30</altitude>
									<rate>263</rate>
								</cmeasure><cmeasure>
									<altitude>134</altitude>
									<rate>158</rate>
								</cmeasure><cmeasure>
									<altitude>149</altitude>
									<rate>157</rate>
								</cmeasure><cmeasure>
									<altitude>176</altitude>
									<rate>163</rate>
								</cmeasure><cmeasure>
									<altitude>310</altitude>
									<rate>20</rate>
								</cmeasure>
    </climb>
    <turn>
      <turnData flapPosition="none">
        <radius>189.04</radius>
        <degPerSec>20.40</degPerSec>
        <speed>151.00</speed>
        <time>17.66</time>
      </turnData>
      <turnData flapPosition="full">
        <radius>140.67</radius>
        <degPerSec>20.50</degPerSec>
        <speed>113.00</speed>
        <time>17.56</time>
      </turnData>
    </turn>	

</performance>
</aircraft>