<?xml version="1.0" encoding="UTF-8"?><?mso-infoPathSolution solutionVersion="1.0.0.6" productVersion="11.0.6357" PIVersion="1.0.0.0" href="file:///C:\ChrisWork\sourceRoot\Project\Other\PerformanceComparison\schemas\AircraftEntry.xsn" name="urn:schemas-microsoft-com:office:infopath:AircraftEntry:" language="en-au" ?><?mso-application progid="InfoPath.Document"?><aircraft xmlns:xsi="http://www.w3.org/2001/XMLSchema-instance" xmlns:xd="http://schemas.microsoft.com/office/infopath/2003" xmlns:my="http://schemas.microsoft.com/office/infopath/2003/myXSD/2006-01-11T22:04:29">
	<details>
		<type>LA-7</type>
		<fuel unit="gallons">0</fuel>
	</details>
	<performance>
		<speed wep="off" altUnit="feet" tasUnit="mph" altFactor="96.153" tasFactor="0.547" altOffset="0" tasOffset="300">
			<smeasure>
				<altitude>0</altitude>
				<tas>108</tas>
			</smeasure>
		<smeasure>
									<altitude>41</altitude>
									<tas>138</tas>
								</smeasure><smeasure>
									<altitude>53</altitude>
									<tas>145</tas>
								</smeasure><smeasure>
									<altitude>92</altitude>
									<tas>178</tas>
								</smeasure><smeasure>
									<altitude>99</altitude>
									<tas>178</tas>
								</smeasure><smeasure>
									<altitude>160</altitude>
									<tas>164</tas>
								</smeasure><smeasure>
									<altitude>168</altitude>
									<tas>164</tas>
								</smeasure><smeasure>
									<altitude>208</altitude>
									<tas>201</tas>
								</smeasure><smeasure>
									<altitude>227</altitude>
									<tas>190</tas>
								</smeasure><smeasure>
									<altitude>236</altitude>
									<tas>186</tas>
								</smeasure><smeasure>
									<altitude>258</altitude>
									<tas>172</tas>
								</smeasure><smeasure>
									<altitude>312</altitude>
									<tas>131</tas>
								</smeasure></speed>
		<speed wep="on" altUnit="feet" tasUnit="mph" altFactor="96.1538" tasFactor="0.547" altOffset="0" tasOffset="300">
									<smeasure>
										<altitude>0</altitude>
										<tas>149</tas>
									</smeasure>
								<smeasure>
									<altitude>51</altitude>
									<tas>185</tas>
								</smeasure><smeasure>
									<altitude>168</altitude>
									<tas>164</tas>
								</smeasure><smeasure>
									<altitude>208</altitude>
									<tas>201</tas>
								</smeasure><smeasure>
									<altitude>227</altitude>
									<tas>190</tas>
								</smeasure><smeasure>
									<altitude>236</altitude>
									<tas>186</tas>
								</smeasure><smeasure>
									<altitude>258</altitude>
									<tas>172</tas>
								</smeasure><smeasure>
									<altitude>312</altitude>
									<tas>131</tas>
								</smeasure></speed><climb wep="off" altUnit="feet" rateUnit="mph" altFactor="96.7741" rateFactor="16.74" altOffset="0" rateOffset="500">
			<cmeasure>
				<altitude>0</altitude>
				<rate>187</rate>
			</cmeasure>
		<cmeasure>
									<altitude>71</altitude>
									<rate>198</rate>
								</cmeasure><cmeasure>
									<altitude>135</altitude>
									<rate>138</rate>
								</cmeasure><cmeasure>
									<altitude>176</altitude>
									<rate>144</rate>
								</cmeasure><cmeasure>
									<altitude>310</altitude>
									<rate>19</rate>
								</cmeasure></climb>
	<climb wep="on" altUnit="feet" rateUnit="mph" altFactor="96.7741" rateFactor="16.74" altOffset="0" rateOffset="500">
									<cmeasure>
										<altitude>0</altitude>
										<rate>235</rate>
									</cmeasure>
								<cmeasure>
									<altitude>31</altitude>
									<rate>239</rate>
								</cmeasure><cmeasure>
									<altitude>135</altitude>
									<rate>138</rate>
								</cmeasure><cmeasure>
									<altitude>176</altitude>
									<rate>144</rate>
								</cmeasure><cmeasure>
									<altitude>310</altitude>
									<rate>19</rate>
								</cmeasure>
        </climb>
    <turn>
      <turnData flapPosition="none">
        <radius>187.91</radius>
        <degPerSec>20.80</degPerSec>
        <speed>153.00</speed>
        <time>17.33</time>
      </turnData>
      <turnData flapPosition="full">
        <radius>137.98</radius>
        <degPerSec>20.90</degPerSec>
        <speed>113.00</speed>
        <time>17.23</time>
      </turnData>
    </turn>
</performance>
</aircraft>