<?xml version="1.0" encoding="UTF-8"?><?mso-infoPathSolution solutionVersion="1.0.0.6" productVersion="11.0.6357" PIVersion="1.0.0.0" href="file:///C:\ChrisWork\sourceRoot\Project\Other\PerformanceComparison\schemas\AircraftEntry.xsn" name="urn:schemas-microsoft-com:office:infopath:AircraftEntry:" language="en-au" ?><?mso-application progid="InfoPath.Document"?><aircraft xmlns:xsi="http://www.w3.org/2001/XMLSchema-instance" xmlns:xd="http://schemas.microsoft.com/office/infopath/2003" xmlns:my="http://schemas.microsoft.com/office/infopath/2003/myXSD/2006-01-11T22:04:29">
	<details>
		<type>Me 262A-1</type>
		<fuel unit="Gallons">0</fuel>
	</details>
	<performance>
		<speed wep="off" altUnit="feet" tasUnit="mph" altFactor="96.154" tasFactor="0.547" altOffset="0" tasOffset="450">
			<smeasure>
				<altitude>0</altitude>
				<tas>117</tas>
			</smeasure>
		<smeasure>
									<altitude>78</altitude>
									<tas>141</tas>
								</smeasure><smeasure>
									<altitude>145</altitude>
									<tas>157</tas>
								</smeasure><smeasure>
									<altitude>185</altitude>
									<tas>164</tas>
								</smeasure><smeasure>
									<altitude>208</altitude>
									<tas>164</tas>
								</smeasure><smeasure>
									<altitude>258</altitude>
									<tas>154</tas>
								</smeasure><smeasure>
									<altitude>293</altitude>
									<tas>139</tas>
								</smeasure><smeasure>
									<altitude>311</altitude>
									<tas>128</tas>
								</smeasure></speed>
		<climb wep="off" altUnit="feet" rateUnit="mph" altFactor="96.774" rateFactor="14.81" altOffset="0" rateOffset="0">
			<cmeasure>
				<altitude>0</altitude>
				<rate>196</rate>
			</cmeasure>
		<cmeasure>
									<altitude>296</altitude>
									<rate>0</rate>
								</cmeasure></climb>
    <turn>
      <turnData flapPosition="none">
        <radius>314.65</radius>
        <degPerSec>14.00</degPerSec>
        <speed>173.00</speed>
        <time>25.66</time>
      </turnData>
      <turnData flapPosition="full">
        <radius>236.43</radius>
        <degPerSec>14.70</degPerSec>
        <speed>136.00</speed>
        <time>24.53</time>
      </turnData>
    </turn>	

	</performance>
</aircraft>