<?xml version="1.0" encoding="UTF-8"?><?mso-infoPathSolution solutionVersion="1.0.0.6" productVersion="11.0.6357" PIVersion="1.0.0.0" href="file:///C:\ChrisWork\sourceRoot\Project\Other\PerformanceComparison\schemas\AircraftEntry.xsn" name="urn:schemas-microsoft-com:office:infopath:AircraftEntry:" language="en-us" ?><?mso-application progid="InfoPath.Document"?><aircraft xmlns:xsi="http://www.w3.org/2001/XMLSchema-instance" xmlns:xd="http://schemas.microsoft.com/office/infopath/2003" xmlns:my="http://schemas.microsoft.com/office/infopath/2003/myXSD/2006-01-11T22:04:29">
	<details>
		<type>N1K2-J</type>
		<fuel unit="gallons">0</fuel>
	</details>
	<performance>
		<speed wep="off" altUnit="feet" tasUnit="mph" altFactor="96.77" tasFactor="0.37" altOffset="0" tasOffset="300">
			<smeasure>
				<altitude>0</altitude>
				<tas>42</tas>
			</smeasure>
		<smeasure>
									<altitude>103</altitude>
									<tas>159</tas>
								</smeasure><smeasure>
									<altitude>136</altitude>
									<tas>135</tas>
								</smeasure><smeasure>
									<altitude>142</altitude>
									<tas>129</tas>
								</smeasure><smeasure>
									<altitude>148</altitude>
									<tas>132</tas>
								</smeasure><smeasure>
									<altitude>154</altitude>
									<tas>139</tas>
								</smeasure><smeasure>
									<altitude>161</altitude>
									<tas>144</tas>
								</smeasure><smeasure>
									<altitude>193</altitude>
									<tas>189</tas>
								</smeasure><smeasure>
									<altitude>198</altitude>
									<tas>189</tas>
								</smeasure><smeasure>
									<altitude>263</altitude>
									<tas>131</tas>
								</smeasure><smeasure>
									<altitude>310</altitude>
									<tas>82</tas>
								</smeasure></speed>
		<speed wep="on" altUnit="feet" tasUnit="mph" altFactor="96.77" tasFactor="0.37" altOffset="0" tasOffset="300">
									<smeasure>
										<altitude>0</altitude>
										<tas>72</tas>
									</smeasure>
								<smeasure>
									<altitude>82</altitude>
									<tas>164</tas>
								</smeasure><smeasure>
									<altitude>92</altitude>
									<tas>169</tas>
								</smeasure><smeasure>
									<altitude>103</altitude>
									<tas>160</tas>
								</smeasure><smeasure>
									<altitude>142</altitude>
									<tas>129</tas>
								</smeasure><smeasure>
									<altitude>158</altitude>
									<tas>143</tas>
								</smeasure><smeasure>
									<altitude>196</altitude>
									<tas>190</tas>
								</smeasure><smeasure>
									<altitude>310</altitude>
									<tas>82</tas>
								</smeasure></speed><climb wep="off" altUnit="feet" rateUnit="mph" altFactor="97.09" rateFactor="16.81" altOffset="0" rateOffset="500">
			<cmeasure>
				<altitude>0</altitude>
				<rate>176</rate>
			</cmeasure>
		<cmeasure>
									<altitude>62</altitude>
									<rate>180</rate>
								</cmeasure><cmeasure>
									<altitude>71</altitude>
									<rate>180</rate>
								</cmeasure><cmeasure>
									<altitude>92</altitude>
									<rate>161</rate>
								</cmeasure><cmeasure>
									<altitude>123</altitude>
									<rate>126</rate>
								</cmeasure><cmeasure>
									<altitude>177</altitude>
									<rate>119</rate>
								</cmeasure><cmeasure>
									<altitude>192</altitude>
									<rate>110</rate>
								</cmeasure><cmeasure>
									<altitude>205</altitude>
									<rate>100</rate>
								</cmeasure><cmeasure>
									<altitude>215</altitude>
									<rate>94</rate>
								</cmeasure><cmeasure>
									<altitude>229</altitude>
									<rate>81</rate>
								</cmeasure><cmeasure>
									<altitude>237</altitude>
									<rate>76</rate>
								</cmeasure><cmeasure>
									<altitude>309</altitude>
									<rate>17</rate>
								</cmeasure></climb>
	<climb wep="on" altUnit="feet" rateUnit="mph" altFactor="97.09" rateFactor="16.81" altOffset="0" rateOffset="500">
									<cmeasure>
										<altitude>0</altitude>
										<rate>211</rate>
									</cmeasure>
								<cmeasure>
									<altitude>40</altitude>
									<rate>213</rate>
								</cmeasure><cmeasure>
									<altitude>71</altitude>
									<rate>180</rate>
								</cmeasure><cmeasure>
									<altitude>92</altitude>
									<rate>161</rate>
								</cmeasure><cmeasure>
									<altitude>123</altitude>
									<rate>126</rate>
								</cmeasure><cmeasure>
									<altitude>177</altitude>
									<rate>119</rate>
								</cmeasure><cmeasure>
									<altitude>192</altitude>
									<rate>110</rate>
								</cmeasure><cmeasure>
									<altitude>205</altitude>
									<rate>100</rate>
								</cmeasure><cmeasure>
									<altitude>215</altitude>
									<rate>94</rate>
								</cmeasure><cmeasure>
									<altitude>229</altitude>
									<rate>81</rate>
								</cmeasure><cmeasure>
									<altitude>237</altitude>
									<rate>76</rate>
								</cmeasure><cmeasure>
									<altitude>309</altitude>
									<rate>17</rate>
								</cmeasure></climb>
    <turn>
      <turnData flapPosition="none">
        <radius>185.93</radius>
        <degPerSec>22.50</degPerSec>
        <speed>164.00</speed>
        <time>16.00</time>
      </turnData>
      <turnData flapPosition="full">
        <radius>126.13</radius>
        <degPerSec>22.50</degPerSec>
        <speed>111.00</speed>
        <time>16.03</time>
      </turnData>
    </turn>
</performance>
</aircraft>