<?xml version="1.0" encoding="UTF-8"?><?mso-infoPathSolution solutionVersion="1.0.0.11" PIVersion="1.0.0.0" href="http://www.my2cents.co.nz/AcesHigh.xsn" name="urn:schemas-microsoft-com:office:infopath:AcesHigh:" language="en-gb" productVersion="11.0.6565" ?><?mso-application progid="InfoPath.Document"?><aircraft xmlns:xsi="http://www.w3.org/2001/XMLSchema-instance" xmlns:my="http://schemas.microsoft.com/office/infopath/2003/myXSD/2006-01-11T22:04:29" xmlns:xd="http://schemas.microsoft.com/office/infopath/2003">
	<details>
		<type>P-38J</type>
		<fuel unit="Gallons">0</fuel>
	</details>
	<performance>
		<speed wep="off" altUnit="feet" tasUnit="mph" altFactor="83.33" tasFactor="0.379" altOffset="0" tasOffset="300">
			<smeasure>
				<altitude>0</altitude>
				<tas>88</tas>
			</smeasure>
		<smeasure>
									<altitude>301</altitude>
									<tas>266</tas>
								</smeasure><smeasure>
									<altitude>314</altitude>
									<tas>266</tas>
								</smeasure><smeasure>
									<altitude>346</altitude>
									<tas>259</tas>
								</smeasure><smeasure>
									<altitude>360</altitude>
									<tas>251</tas>
								</smeasure></speed>
		<speed wep="on" altUnit="feet" tasUnit="mph" altFactor="83.33" tasFactor="0.379" altOffset="0" tasOffset="300">
									<smeasure>
										<altitude>0</altitude>
										<tas>118</tas>
									</smeasure>
								<smeasure>
									<altitude>300</altitude>
									<tas>312</tas>
								</smeasure><smeasure>
									<altitude>312</altitude>
									<tas>312</tas>
								</smeasure><smeasure>
									<altitude>343</altitude>
									<tas>293</tas>
								</smeasure><smeasure>
									<altitude>360</altitude>
									<tas>275</tas>
								</smeasure></speed><climb wep="off" altUnit="feet" rateUnit="fps" altFactor="83.33" rateFactor="6.266" altOffset="0" rateOffset="1500">
			<cmeasure>
				<altitude>0</altitude>
				<rate>271</rate>
			</cmeasure>
		<cmeasure>
									<altitude>29</altitude>
									<rate>271</rate>
								</cmeasure><cmeasure>
									<altitude>72</altitude>
									<rate>263</rate>
								</cmeasure><cmeasure>
									<altitude>124</altitude>
									<rate>244</rate>
								</cmeasure><cmeasure>
									<altitude>181</altitude>
									<rate>214</rate>
								</cmeasure><cmeasure>
									<altitude>263</altitude>
									<rate>160</rate>
								</cmeasure><cmeasure>
									<altitude>313</altitude>
									<rate>109</rate>
								</cmeasure><cmeasure>
									<altitude>360</altitude>
									<rate>27</rate>
								</cmeasure></climb>
		<climb wep="on" altUnit="feet" rateUnit="fps" altFactor="83.33" rateFactor="6.266" altOffset="0" rateOffset="1500">
									<cmeasure>
										<altitude>0</altitude>
										<rate>358</rate>
									</cmeasure>
								<cmeasure>
									<altitude>36</altitude>
									<rate>354</rate>
								</cmeasure><cmeasure>
									<altitude>88</altitude>
									<rate>339</rate>
								</cmeasure><cmeasure>
									<altitude>181</altitude>
									<rate>274</rate>
								</cmeasure><cmeasure>
									<altitude>241</altitude>
									<rate>219</rate>
								</cmeasure><cmeasure>
									<altitude>276</altitude>
									<rate>174</rate>
								</cmeasure><cmeasure>
									<altitude>311</altitude>
									<rate>117</rate>
								</cmeasure><cmeasure>
									<altitude>360</altitude>
									<rate>27</rate>
								</cmeasure>
    </climb>
    <turn>
      <turnData flapPosition="none">
        <radius>249.08</radius>
        <degPerSec>18.90</degPerSec>
        <speed>185.00</speed>
        <time>19.00</time>
      </turnData>
      <turnData flapPosition="full">
        <radius>182.30</radius>
        <degPerSec>20.10</degPerSec>
        <speed>144.00</speed>
        <time>17.86</time>
      </turnData>
    </turn>
	</performance>
</aircraft>