<?xml version="1.0" encoding="UTF-8"?><?mso-infoPathSolution solutionVersion="1.0.0.11" PIVersion="1.0.0.0" href="http://www.my2cents.co.nz/AcesHigh.xsn" name="urn:schemas-microsoft-com:office:infopath:AcesHigh:" language="en-gb" productVersion="11.0.6565" ?><?mso-application progid="InfoPath.Document"?><aircraft xmlns:xsi="http://www.w3.org/2001/XMLSchema-instance" xmlns:my="http://schemas.microsoft.com/office/infopath/2003/myXSD/2006-01-11T22:04:29" xmlns:xd="http://schemas.microsoft.com/office/infopath/2003">
	<details>
		<type>P-38G</type>
		<fuel unit="Gallons">0</fuel>
	</details>
	<performance>
		<speed wep="off" altUnit="feet" tasUnit="mph" altFactor="83.33" tasFactor="0.379" altOffset="0" tasOffset="300">
			<smeasure>
				<altitude>0</altitude>
				<tas>72</tas>
			</smeasure>
		<smeasure>
									<altitude>47</altitude>
									<tas>112</tas>
								</smeasure><smeasure>
									<altitude>301</altitude>
									<tas>266</tas>
								</smeasure><smeasure>
									<altitude>316</altitude>
									<tas>266</tas>
								</smeasure><smeasure>
									<altitude>341</altitude>
									<tas>259</tas>
								</smeasure><smeasure>
									<altitude>360</altitude>
									<tas>251</tas>
								</smeasure></speed>
		<climb wep="off" altUnit="feet" rateUnit="fps" altFactor="83.33" rateFactor="5.03" altOffset="0" rateOffset="1000">
			<cmeasure>
				<altitude>0</altitude>
				<rate>398</rate>
			</cmeasure>
		<cmeasure>
									<altitude>18</altitude>
									<rate>398</rate>
								</cmeasure><cmeasure>
									<altitude>65</altitude>
									<rate>390</rate>
								</cmeasure><cmeasure>
									<altitude>96</altitude>
									<rate>378</rate>
								</cmeasure><cmeasure>
									<altitude>136</altitude>
									<rate>357</rate>
								</cmeasure><cmeasure>
									<altitude>183</altitude>
									<rate>326</rate>
								</cmeasure><cmeasure>
									<altitude>262</altitude>
									<rate>260</rate>
								</cmeasure><cmeasure>
									<altitude>279</altitude>
									<rate>242</rate>
								</cmeasure><cmeasure>
									<altitude>304</altitude>
									<rate>207</rate>
								</cmeasure><cmeasure>
									<altitude>319</altitude>
									<rate>181</rate>
								</cmeasure><cmeasure>
									<altitude>360</altitude>
									<rate>90</rate>
								</cmeasure></climb>
    <turn>
      <turnData flapPosition="none">
        <radius>232.90</radius>
        <degPerSec>18.60</degPerSec>
        <speed>170.00</speed>
        <time>19.33</time>
      </turnData>
      <turnData flapPosition="full">
        <radius>170.60</radius>
        <degPerSec>20.20</degPerSec>
        <speed>135.00</speed>
        <time>17.83</time>
      </turnData>
    </turn>
	</performance>
</aircraft>