<?xml version="1.0" encoding="UTF-8"?><?mso-infoPathSolution productVersion="11.0.6357" PIVersion="1.0.0.0" href="file:///C:\ChrisWork\sourceRoot\Project\Other\PerformanceComparison\schemas\AircraftEntry.xsn" name="urn:schemas-microsoft-com:office:infopath:AircraftEntry:" language="en-au" solutionVersion="1.0.0.10" ?><?mso-application progid="InfoPath.Document"?><aircraft xmlns:xsi="http://www.w3.org/2001/XMLSchema-instance" xmlns:xd="http://schemas.microsoft.com/office/infopath/2003" xmlns:my="http://schemas.microsoft.com/office/infopath/2003/myXSD/2006-01-11T22:04:29">
	<details>
		<type>P40-B</type>
		<fuel unit="Gallons">0</fuel>
	</details>
	<performance>
		<speed wep="off" altUnit="feet" tasUnit="mph" altFactor="96.463" tasFactor="0.498" altOffset="0" tasOffset="250">
			<smeasure>
				<altitude>0</altitude>
				<tas>59</tas>
			</smeasure>
		<smeasure>
									<altitude>167</altitude>
									<tas>183</tas>
								</smeasure><smeasure>
									<altitude>207</altitude>
									<tas>160</tas>
								</smeasure><smeasure>
									<altitude>220</altitude>
									<tas>147</tas>
								</smeasure><smeasure>
									<altitude>226</altitude>
									<tas>144</tas>
								</smeasure><smeasure>
									<altitude>271</altitude>
									<tas>100</tas>
								</smeasure><smeasure>
									<altitude>294</altitude>
									<tas>69</tas>
								</smeasure><smeasure>
									<altitude>315</altitude>
									<tas>43</tas>
								</smeasure></speed>
		<climb wep="off" altUnit="feet" rateUnit="mph" altFactor="96.463" rateFactor="10.33" altOffset="0" rateOffset="500">
			<cmeasure>
				<altitude>0</altitude>
				<rate>173</rate>
			</cmeasure>
		<cmeasure>
									<altitude>157</altitude>
									<rate>166</rate>
								</cmeasure><cmeasure>
									<altitude>295</altitude>
									<rate>0</rate>
								</cmeasure></climb>
    <turn>
      <turnData flapPosition="none">
        <radius>200.89</radius>
        <degPerSec>17.10</degPerSec>
        <speed>135.00</speed>
        <time>21.00</time>
      </turnData>
      <turnData flapPosition="full">
        <radius>150.75</radius>
        <degPerSec>16.40</degPerSec>
        <speed>97.00</speed>
        <time>21.93</time>
      </turnData>
    </turn>	

	</performance>
</aircraft>