<?xml version="1.0" encoding="UTF-8"?><?mso-infoPathSolution solutionVersion="1.0.0.11" productVersion="11.0.6357" PIVersion="1.0.0.0" href="http://www.my2cents.co.nz/AcesHigh.xsn" name="urn:schemas-microsoft-com:office:infopath:AcesHigh:" language="en-au" ?><?mso-application progid="InfoPath.Document"?><aircraft xmlns:xsi="http://www.w3.org/2001/XMLSchema-instance" xmlns:my="http://schemas.microsoft.com/office/infopath/2003/myXSD/2006-01-11T22:04:29" xmlns:xd="http://schemas.microsoft.com/office/infopath/2003">
	<details>
		<type>P40-E</type>
		<fuel unit="Gallons">0</fuel>
	</details>
	<performance>
		<speed wep="off" altUnit="feet" tasUnit="mph" altFactor="96.154" tasFactor="0.506" altOffset="0" tasOffset="250">
			<smeasure>
				<altitude>0</altitude>
				<tas>64</tas>
			</smeasure>
		<smeasure>
									<altitude>155</altitude>
									<tas>180</tas>
								</smeasure><smeasure>
									<altitude>176</altitude>
									<tas>169</tas>
								</smeasure><smeasure>
									<altitude>191</altitude>
									<tas>162</tas>
								</smeasure><smeasure>
									<altitude>234</altitude>
									<tas>128</tas>
								</smeasure><smeasure>
									<altitude>312</altitude>
									<tas>45</tas>
								</smeasure></speed>
		<speed wep="on" altUnit="feet" tasUnit="mph" altFactor="96.154" tasFactor="0.506" altOffset="0" tasOffset="250">
									<smeasure>
										<altitude>0</altitude>
										<tas>97</tas>
									</smeasure>
								<smeasure>
									<altitude>136</altitude>
									<tas>199</tas>
								</smeasure><smeasure>
									<altitude>155</altitude>
									<tas>180</tas>
								</smeasure><smeasure>
									<altitude>176</altitude>
									<tas>169</tas>
								</smeasure><smeasure>
									<altitude>191</altitude>
									<tas>162</tas>
								</smeasure><smeasure>
									<altitude>234</altitude>
									<tas>128</tas>
								</smeasure><smeasure>
									<altitude>312</altitude>
									<tas>45</tas>
								</smeasure></speed><climb wep="off" altUnit="feet" rateUnit="fps" altFactor="92.308" rateFactor="12.5" altOffset="0" rateOffset="500">
			<cmeasure>
				<altitude>0</altitude>
				<rate>132</rate>
			</cmeasure>
		<cmeasure>
									<altitude>152</altitude>
									<rate>125</rate>
								</cmeasure><cmeasure>
									<altitude>282</altitude>
									<rate>0</rate>
								</cmeasure></climb>
		<climb wep="on" altUnit="feet" rateUnit="fps" altFactor="92.308" rateFactor="12.5" altOffset="0" rateOffset="500">
									<cmeasure>
										<altitude>0</altitude>
										<rate>208</rate>
									</cmeasure>
								<cmeasure>
									<altitude>98</altitude>
									<rate>205</rate>
								</cmeasure><cmeasure>
									<altitude>107</altitude>
									<rate>187</rate>
								</cmeasure><cmeasure>
									<altitude>126</altitude>
									<rate>160</rate>
								</cmeasure><cmeasure>
									<altitude>152</altitude>
									<rate>125</rate>
								</cmeasure><cmeasure>
									<altitude>282</altitude>
									<rate>0</rate>
								</cmeasure>
    </climb>
    <turn>
      <turnData flapPosition="none">
        <radius>197.48</radius>
        <degPerSec>19.60</degPerSec>
        <speed>152.00</speed>
        <time>18.33</time>
      </turnData>
      <turnData flapPosition="full">
        <radius>151.33</radius>
        <degPerSec>17.40</degPerSec>
        <speed>103.00</speed>
        <time>20.73</time>
      </turnData>
    </turn>
	</performance>
</aircraft>