<?xml version="1.0" encoding="UTF-8"?><?mso-infoPathSolution solutionVersion="1.0.0.11" PIVersion="1.0.0.0" href="http://www.my2cents.co.nz/AcesHigh.xsn" name="urn:schemas-microsoft-com:office:infopath:AcesHigh:" language="en-gb" productVersion="11.0.6565" ?><?mso-application progid="InfoPath.Document"?><aircraft xmlns:xsi="http://www.w3.org/2001/XMLSchema-instance" xmlns:my="http://schemas.microsoft.com/office/infopath/2003/myXSD/2006-01-11T22:04:29" xmlns:xd="http://schemas.microsoft.com/office/infopath/2003">
	<details>
		<type>P-47N</type>
		<fuel unit="Gallons">0</fuel>
	</details>
	<performance>
		<speed wep="off" altUnit="feet" tasUnit="mph" altFactor="83.33" tasFactor="0.501" altOffset="0" tasOffset="300">
			<smeasure>
				<altitude>0</altitude>
				<tas>50</tas>
			</smeasure>
		<smeasure>
									<altitude>360</altitude>
									<tas>242</tas>
								</smeasure></speed>
		<speed wep="on" altUnit="feet" tasUnit="mph" altFactor="83.33" tasFactor="0.501" altOffset="0" tasOffset="300">
									<smeasure>
										<altitude>0</altitude>
										<tas>130</tas>
									</smeasure>
								<smeasure>
									<altitude>360</altitude>
									<tas>333</tas>
								</smeasure></speed><climb wep="off" altUnit="feet" rateUnit="fps" altFactor="83.33" rateFactor="5" altOffset="0" rateOffset="1000">
			<cmeasure>
				<altitude>0</altitude>
				<rate>156</rate>
			</cmeasure>
		<cmeasure>
									<altitude>124</altitude>
									<rate>156</rate>
								</cmeasure><cmeasure>
									<altitude>217</altitude>
									<rate>146</rate>
								</cmeasure><cmeasure>
									<altitude>262</altitude>
									<rate>130</rate>
								</cmeasure><cmeasure>
									<altitude>298</altitude>
									<rate>109</rate>
								</cmeasure><cmeasure>
									<altitude>335</altitude>
									<rate>81</rate>
								</cmeasure><cmeasure>
									<altitude>360</altitude>
									<rate>57</rate>
								</cmeasure></climb>
		<climb wep="on" altUnit="feet" rateUnit="fps" altFactor="83.33" rateFactor="5" altOffset="0" rateOffset="1000">
									<cmeasure>
										<altitude>0</altitude>
										<rate>356</rate>
									</cmeasure>
								<cmeasure>
									<altitude>124</altitude>
									<rate>356</rate>
								</cmeasure><cmeasure>
									<altitude>187</altitude>
									<rate>350</rate>
								</cmeasure><cmeasure>
									<altitude>215</altitude>
									<rate>342</rate>
								</cmeasure><cmeasure>
									<altitude>242</altitude>
									<rate>326</rate>
								</cmeasure><cmeasure>
									<altitude>265</altitude>
									<rate>306</rate>
								</cmeasure><cmeasure>
									<altitude>303</altitude>
									<rate>260</rate>
								</cmeasure><cmeasure>
									<altitude>335</altitude>
									<rate>209</rate>
								</cmeasure><cmeasure>
									<altitude>360</altitude>
									<rate>161</rate>
								</cmeasure>
    </climb>
    <turn>
      <turnData flapPosition="none">
        <radius>245.64</radius>
        <degPerSec>16.60</degPerSec>
        <speed>160.00</speed>
        <time>21.66</time>
      </turnData>
      <turnData flapPosition="full">
        <radius>185.26</radius>
        <degPerSec>15.80</degPerSec>
        <speed>115.00</speed>
        <time>22.73</time>
      </turnData>
    </turn>
	</performance>
</aircraft>