<?xml version="1.0" encoding="UTF-8"?>
<aircraft xmlns:xsi="http://www.w3.org/2001/XMLSchema-instance" xsi:noNamespaceSchemaLocation="C:\ChrisWork\sourceRoot\Project\Other\PerformanceComparison\schemas\aircraft.xsd">
	<details>
		<type>P47D-40</type>
		<fuel unit="gallon">106</fuel>
	</details>
	<performance>
		<speed wep="off" altUnit="feet" tasUnit="mph">
			<smeasure>
				<altitude>0</altitude>
				<tas>330</tas>
			</smeasure>
			<smeasure>
				<altitude>3757</altitude>
				<tas>342</tas>
			</smeasure>
			<smeasure>
				<altitude>9061</altitude>
				<tas>359</tas>
			</smeasure>
			<smeasure>
				<altitude>10166</altitude>
				<tas>363</tas>
			</smeasure>
			<smeasure>
				<altitude>15249</altitude>
				<tas>378</tas>
			</smeasure>
			<smeasure>
				<altitude>20995</altitude>
				<tas>396</tas>
			</smeasure>
			<smeasure>
				<altitude>22100</altitude>
				<tas>401</tas>
			</smeasure>
			<smeasure>
				<altitude>30000</altitude>
				<tas>420</tas>
			</smeasure>
		</speed>
		<speed wep="on" altUnit="feet" tasUnit="mph">
			<smeasure>
				<altitude>0</altitude>
				<tas>344</tas>
			</smeasure>
			<smeasure>
				<altitude>2431</altitude>
				<tas>352</tas>
			</smeasure>
			<smeasure>
				<altitude>6188</altitude>
				<tas>364</tas>
			</smeasure>
			<smeasure>
				<altitude>9724</altitude>
				<tas>376</tas>
			</smeasure>
			<smeasure>
				<altitude>13260</altitude>
				<tas>387</tas>
			</smeasure>
			<smeasure>
				<altitude>15028</altitude>
				<tas>394</tas>
			</smeasure>
			<smeasure>
				<altitude>17017</altitude>
				<tas>402</tas>
			</smeasure>
			<smeasure>
				<altitude>21000</altitude>
				<tas>415</tas>
			</smeasure>			<smeasure>
				<altitude>22763</altitude>
				<tas>422</tas>
			</smeasure>
			<smeasure>
				<altitude>25857</altitude>
				<tas>430</tas>
			</smeasure>
			<smeasure>
				<altitude>30000</altitude>
				<tas>430</tas>
			</smeasure>
		</speed>
		<climb wep="off" altUnit="feet" rateUnit="fpm">
			<cmeasure>
				<altitude>0</altitude>
				<rate>2422</rate>
			</cmeasure>
			<cmeasure>
				<altitude>4666</altitude>
				<rate>2448</rate>
			</cmeasure>
			<cmeasure>
				<altitude>9444</altitude>
				<rate>2422</rate>
			</cmeasure>
			<cmeasure>
				<altitude>12667</altitude>
				<rate>2397</rate>
			</cmeasure>
			<cmeasure>
				<altitude>15555</altitude>
				<rate>2346</rate>
			</cmeasure>
			<cmeasure>
				<altitude>17778</altitude>
				<rate>2283</rate>
			</cmeasure>
			<cmeasure>
				<altitude>20444</altitude>
				<rate>2168</rate>
			</cmeasure>
			<cmeasure>
				<altitude>23111</altitude>
				<rate>2016</rate>
			</cmeasure>
			<cmeasure>
				<altitude>25778</altitude>
				<rate>1813</rate>
			</cmeasure>
			<cmeasure>
				<altitude>28220</altitude>
				<rate>1597</rate>
			</cmeasure>
			<cmeasure>
				<altitude>30000</altitude>
				<rate>1406</rate>
			</cmeasure>
		</climb>
		<climb wep="on" altUnit="feet" rateUnit="fpm">
			<cmeasure>
				<altitude>0</altitude>
				<rate>3210</rate>
			</cmeasure>
			<cmeasure>
				<altitude>5111</altitude>
				<rate>3172</rate>
			</cmeasure>
			<cmeasure>
				<altitude>9333</altitude>
				<rate>3121</rate>
			</cmeasure>
			<cmeasure>
				<altitude>12667</altitude>
				<rate>3057</rate>
			</cmeasure>
			<cmeasure>
				<altitude>14667</altitude>
				<rate>3007</rate>
			</cmeasure>
			<cmeasure>
				<altitude>16666</altitude>
				<rate>2930</rate>
			</cmeasure>
			<cmeasure>
				<altitude>18889</altitude>
				<rate>2854</rate>
			</cmeasure>
			<cmeasure>
				<altitude>21111</altitude>
				<rate>2727</rate>
			</cmeasure>
			<cmeasure>
				<altitude>23111</altitude>
				<rate>2575</rate>
			</cmeasure>
			<cmeasure>
				<altitude>26000</altitude>
				<rate>2270</rate>
			</cmeasure>
			<cmeasure>
				<altitude>28333</altitude>
				<rate>1965</rate>
			</cmeasure>
			<cmeasure>
				<altitude>30000</altitude>
				<rate>1711</rate>
			</cmeasure>
		</climb>
    <turn>
      <turnData flapPosition="none">
        <radius>245.64</radius>
        <degPerSec>16.60</degPerSec>
        <speed>160.00</speed>
        <time>21.66</time>
      </turnData>
      <turnData flapPosition="full">
        <radius>177.03</radius>
        <degPerSec>15.60</degPerSec>
        <speed>108.00</speed>
        <time>23.13</time>
      </turnData>
    </turn>		
	</performance>
</aircraft>
