<?xml version="1.0" encoding="UTF-8"?>
<aircraft xmlns:xsi="http://www.w3.org/2001/XMLSchema-instance" xsi:noNamespaceSchemaLocation="C:\ChrisWork\sourceRoot\Project\Other\PerformanceComparison\schemas\aircraft.xsd">
	<details>
		<type>P47D-25</type>
		<fuel unit="gallon">0</fuel>
	</details>
	<performance>
		<speed wep="off" altUnit="feet" tasUnit="mph">
			<smeasure>
				<altitude>0</altitude>
				<tas>330</tas>
			</smeasure>
			<smeasure>
				<altitude>3757</altitude>
				<tas>342</tas>
			</smeasure>
			<smeasure>
				<altitude>9061</altitude>
				<tas>359</tas>
			</smeasure>
			<smeasure>
				<altitude>10166</altitude>
				<tas>363</tas>
			</smeasure>
			<smeasure>
				<altitude>15249</altitude>
				<tas>378</tas>
			</smeasure>
			<smeasure>
				<altitude>20995</altitude>
				<tas>396</tas>
			</smeasure>
			<smeasure>
				<altitude>22100</altitude>
				<tas>401</tas>
			</smeasure>
			<smeasure>
				<altitude>30000</altitude>
				<tas>420</tas>
			</smeasure>
		</speed>
		<speed wep="on" altUnit="feet" tasUnit="mph">
			<smeasure>
				<altitude>0</altitude>
				<tas>342</tas>
			</smeasure>
			<smeasure>
				<altitude>3094</altitude>
				<tas>352</tas>
			</smeasure>
			<smeasure>
				<altitude>5636</altitude>
				<tas>360</tas>
			</smeasure>
			<smeasure>
				<altitude>6630</altitude>
				<tas>364</tas>
			</smeasure>
			<smeasure>
				<altitude>9282</altitude>
				<tas>373</tas>
			</smeasure>
			<smeasure>
				<altitude>10608</altitude>
				<tas>378</tas>
			</smeasure>
			<smeasure>
				<altitude>12828</altitude>
				<tas>383</tas>
			</smeasure>
			<smeasure>
				<altitude>14034</altitude>
				<tas>388</tas>
			</smeasure>
			<smeasure>
				<altitude>15691</altitude>
				<tas>394</tas>
			</smeasure>
			<smeasure>
				<altitude>16796</altitude>
				<tas>398</tas>
			</smeasure>
			<smeasure>
				<altitude>19448</altitude>
				<tas>407</tas>
			</smeasure>
			<smeasure>
				<altitude>20774</altitude>
				<tas>411</tas>
			</smeasure>
			<smeasure>
				<altitude>22100</altitude>
				<tas>417</tas>
			</smeasure>
			<smeasure>
				<altitude>24752</altitude>
				<tas>426</tas>
			</smeasure>
			<smeasure>
				<altitude>30000</altitude>
				<tas>428</tas>
			</smeasure>
		</speed>
		<climb wep="off" altUnit="feet" rateUnit="fpm">
			<cmeasure>
				<altitude>0</altitude>
				<rate>2422</rate>
			</cmeasure>
			<cmeasure>
				<altitude>4666</altitude>
				<rate>2448</rate>
			</cmeasure>
			<cmeasure>
				<altitude>9444</altitude>
				<rate>2422</rate>
			</cmeasure>
			<cmeasure>
				<altitude>12667</altitude>
				<rate>2397</rate>
			</cmeasure>
			<cmeasure>
				<altitude>15555</altitude>
				<rate>2346</rate>
			</cmeasure>
			<cmeasure>
				<altitude>17778</altitude>
				<rate>2283</rate>
			</cmeasure>
			<cmeasure>
				<altitude>20444</altitude>
				<rate>2168</rate>
			</cmeasure>
			<cmeasure>
				<altitude>23111</altitude>
				<rate>2016</rate>
			</cmeasure>
			<cmeasure>
				<altitude>25778</altitude>
				<rate>1813</rate>
			</cmeasure>
			<cmeasure>
				<altitude>28220</altitude>
				<rate>1597</rate>
			</cmeasure>
			<cmeasure>
				<altitude>30000</altitude>
				<rate>1406</rate>
			</cmeasure>
		</climb>
		<climb wep="on" altUnit="feet" rateUnit="fpm">
			<cmeasure>
				<altitude>0</altitude>
				<rate>2994</rate>
			</cmeasure>
			<cmeasure>
				<altitude>5525</altitude>
				<rate>2981</rate>
			</cmeasure>
			<cmeasure>
				<altitude>9061</altitude>
				<rate>2918</rate>
			</cmeasure>
			<cmeasure>
				<altitude>12376</altitude>
				<rate>2880</rate>
			</cmeasure>
			<cmeasure>
				<altitude>14697</altitude>
				<rate>2816</rate>
			</cmeasure>
			<cmeasure>
				<altitude>17017</altitude>
				<rate>2727</rate>
			</cmeasure>
			<cmeasure>
				<altitude>20332</altitude>
				<rate>2600</rate>
			</cmeasure>
			<cmeasure>
				<altitude>21879</altitude>
				<rate>2499</rate>
			</cmeasure>
			<cmeasure>
				<altitude>24089</altitude>
				<rate>2295</rate>
			</cmeasure>
			<cmeasure>
				<altitude>26299</altitude>
				<rate>2092</rate>
			</cmeasure>
			<cmeasure>
				<altitude>28288</altitude>
				<rate>1864</rate>
			</cmeasure>
			<cmeasure>
				<altitude>30000</altitude>
				<rate>1610</rate>
			</cmeasure>
		</climb>
    <turn>
      <turnData flapPosition="none">
        <radius>249.42</radius>
        <degPerSec>16.40</degPerSec>
        <speed>160.00</speed>
        <time>22.00</time>
      </turnData>
      <turnData flapPosition="full">
        <radius>175.14</radius>
        <degPerSec>16.30</degPerSec>
        <speed>112.00</speed>
        <time>22.06</time>
      </turnData>
    </turn>		
	</performance>
</aircraft>
