<?xml version="1.0" encoding="UTF-8"?><?mso-infoPathSolution solutionVersion="1.0.0.11" PIVersion="1.0.0.0" href="http://www.my2cents.co.nz/AcesHigh.xsn" name="urn:schemas-microsoft-com:office:infopath:AcesHigh:" language="en-au" productVersion="11.0.8034" ?><?mso-application progid="InfoPath.Document"?><aircraft xmlns:xsi="http://www.w3.org/2001/XMLSchema-instance" xmlns:my="http://schemas.microsoft.com/office/infopath/2003/myXSD/2006-01-11T22:04:29" xmlns:xd="http://schemas.microsoft.com/office/infopath/2003">
	<details>
		<type>P47D-11</type>
		<fuel unit="Gallons">0</fuel>
	</details>
	<performance>
		<speed wep="off" altUnit="feet" tasUnit="mph" altFactor="96.463" tasFactor="0.547" altOffset="0" tasOffset="300">
			<smeasure>
				<altitude>0</altitude>
				<tas>62</tas>
			</smeasure>
		<smeasure>
									<altitude>32</altitude>
									<tas>78</tas>
								</smeasure><smeasure>
									<altitude>41</altitude>
									<tas>87</tas>
								</smeasure><smeasure>
									<altitude>55</altitude>
									<tas>92</tas>
								</smeasure><smeasure>
									<altitude>66</altitude>
									<tas>99</tas>
								</smeasure><smeasure>
									<altitude>102</altitude>
									<tas>121</tas>
								</smeasure><smeasure>
									<altitude>142</altitude>
									<tas>143</tas>
								</smeasure><smeasure>
									<altitude>167</altitude>
									<tas>157</tas>
								</smeasure><smeasure>
									<altitude>226</altitude>
									<tas>188</tas>
								</smeasure><smeasure>
									<altitude>257</altitude>
									<tas>206</tas>
								</smeasure><smeasure>
									<altitude>311</altitude>
									<tas>225</tas>
								</smeasure></speed>
		<speed wep="on" altUnit="feet" tasUnit="mph" altFactor="96.463" tasFactor="0.547" altOffset="0" tasOffset="300">
									<smeasure>
										<altitude>0</altitude>
										<tas>83</tas>
									</smeasure>
								<smeasure>
									<altitude>51</altitude>
									<tas>114</tas>
								</smeasure><smeasure>
									<altitude>74</altitude>
									<tas>128</tas>
								</smeasure><smeasure>
									<altitude>138</altitude>
									<tas>162</tas>
								</smeasure><smeasure>
									<altitude>145</altitude>
									<tas>169</tas>
								</smeasure><smeasure>
									<altitude>174</altitude>
									<tas>187</tas>
								</smeasure><smeasure>
									<altitude>197</altitude>
									<tas>199</tas>
								</smeasure><smeasure>
									<altitude>221</altitude>
									<tas>213</tas>
								</smeasure><smeasure>
									<altitude>250</altitude>
									<tas>234</tas>
								</smeasure><smeasure>
									<altitude>263</altitude>
									<tas>238</tas>
								</smeasure><smeasure>
									<altitude>311</altitude>
									<tas>240</tas>
								</smeasure></speed><climb wep="off" altUnit="feet" rateUnit="fps" altFactor="96.774" rateFactor="11.152" altOffset="0" rateOffset="1000">
			<cmeasure>
				<altitude>0</altitude>
				<rate>122</rate>
			</cmeasure>
		<cmeasure>
									<altitude>35</altitude>
									<rate>122</rate>
								</cmeasure><cmeasure>
									<altitude>73</altitude>
									<rate>118</rate>
								</cmeasure><cmeasure>
									<altitude>131</altitude>
									<rate>109</rate>
								</cmeasure><cmeasure>
									<altitude>161</altitude>
									<rate>101</rate>
								</cmeasure><cmeasure>
									<altitude>204</altitude>
									<rate>92</rate>
								</cmeasure><cmeasure>
									<altitude>245</altitude>
									<rate>79</rate>
								</cmeasure><cmeasure>
									<altitude>271</altitude>
									<rate>68</rate>
								</cmeasure><cmeasure>
									<altitude>285</altitude>
									<rate>58</rate>
								</cmeasure><cmeasure>
									<altitude>294</altitude>
									<rate>52</rate>
								</cmeasure><cmeasure>
									<altitude>310</altitude>
									<rate>35</rate>
								</cmeasure></climb>
		<climb wep="on" altUnit="feet" rateUnit="fps" altFactor="96.774" rateFactor="11.152" altOffset="0" rateOffset="1000">
									<cmeasure>
										<altitude>0</altitude>
										<rate>172</rate>
									</cmeasure>
								<cmeasure>
									<altitude>47</altitude>
									<rate>167</rate>
								</cmeasure><cmeasure>
									<altitude>85</altitude>
									<rate>161</rate>
								</cmeasure><cmeasure>
									<altitude>157</altitude>
									<rate>144</rate>
								</cmeasure><cmeasure>
									<altitude>213</altitude>
									<rate>128</rate>
								</cmeasure><cmeasure>
									<altitude>241</altitude>
									<rate>116</rate>
								</cmeasure><cmeasure>
									<altitude>271</altitude>
									<rate>99</rate>
								</cmeasure><cmeasure>
									<altitude>289</altitude>
									<rate>80</rate>
								</cmeasure><cmeasure>
									<altitude>310</altitude>
									<rate>53</rate>
								</cmeasure>
    </climb>
    <turn>
      <turnData flapPosition="none">
        <radius>230.64</radius>
        <degPerSec>17.10</degPerSec>
        <speed>155.00</speed>
        <time>21</time>
      </turnData>
      <turnData flapPosition="full">
        <radius>167.18</radius>
        <degPerSec>17.10</degPerSec>
        <speed>112.00</speed>
        <time>21.06</time>
      </turnData>
    </turn>
	</performance>
</aircraft>