<?xml version="1.0" encoding="UTF-8"?>
<aircraft xmlns:xsi="http://www.w3.org/2001/XMLSchema-instance" xsi:noNamespaceSchemaLocation="C:\ChrisWork\sourceRoot\Project\Other\PerformanceComparison\schemas\aircraft.xsd">
	<details>
		<type>P51-D</type>
		<fuel unit="gallon">0</fuel>
	</details>
	<performance>
		<speed wep="off" altUnit="feet" tasUnit="mph">
			<smeasure>
				<altitude>0</altitude>
				<tas>356</tas>
			</smeasure>
			<smeasure>
				<altitude>2100</altitude>
				<tas>365</tas>
			</smeasure>
			<smeasure>
				<altitude>5746</altitude>
				<tas>381</tas>
			</smeasure>
			<smeasure>
				<altitude>8509</altitude>
				<tas>395</tas>
			</smeasure>
			<smeasure>
				<altitude>13350</altitude>
				<tas>412</tas>
			</smeasure>
			<smeasure>
				<altitude>13702</altitude>
				<tas>411</tas>
			</smeasure>
			<smeasure>
				<altitude>16907</altitude>
				<tas>405</tas>
			</smeasure>
			<smeasure>
				<altitude>18899</altitude>
				<tas>413</tas>
			</smeasure>
			<smeasure>
				<altitude>26078</altitude>
				<tas>435</tas>
			</smeasure>
			<smeasure>
				<altitude>28288</altitude>
				<tas>430</tas>
			</smeasure>
			<smeasure>
				<altitude>30000</altitude>
				<tas>421</tas>
			</smeasure>
		</speed>
		<speed wep="on" altUnit="feet" tasUnit="mph">
			<smeasure>
				<altitude>0</altitude>
				<tas>369</tas>
			</smeasure>
			<smeasure>
				<altitude>3647</altitude>
				<tas>383</tas>
			</smeasure>
			<smeasure>
				<altitude>5525</altitude>
				<tas>389</tas>
			</smeasure>
			<smeasure>
				<altitude>11934</altitude>
				<tas>416</tas>
			</smeasure>
			<smeasure>
				<altitude>16686</altitude>
				<tas>409</tas>
			</smeasure>
			<smeasure>
				<altitude>19227</altitude>
				<tas>421</tas>
			</smeasure>
			<smeasure>
				<altitude>24863</altitude>
				<tas>440</tas>
			</smeasure>
			<smeasure>
				<altitude>28067</altitude>
				<tas>434</tas>
			</smeasure>
			<smeasure>
				<altitude>30000</altitude>
				<tas>428</tas>
			</smeasure>
		</speed>
		<climb wep="off" altUnit="feet" rateUnit="fpm">
			<cmeasure>
				<altitude>0</altitude>
				<rate>3037</rate>
			</cmeasure>
			<cmeasure>
				<altitude>9889</altitude>
				<rate>3209</rate>
			</cmeasure>
			<cmeasure>
				<altitude>15111</altitude>
				<rate>2507</rate>
			</cmeasure>
			<cmeasure>
				<altitude>23111</altitude>
				<rate>2306</rate>
			</cmeasure>
			<cmeasure>
				<altitude>28222</altitude>
				<rate>1500</rate>
			</cmeasure>
		</climb>
		<climb wep="on" altUnit="feet" rateUnit="fpm">
			<cmeasure>
				<altitude>0</altitude>
				<rate>3397</rate>
			</cmeasure>
			<cmeasure>
				<altitude>8111</altitude>
				<rate>3514</rate>
			</cmeasure>
			<cmeasure>
				<altitude>12222</altitude>
				<rate>2899</rate>
			</cmeasure>
			<cmeasure>
				<altitude>21111</altitude>
				<rate>2729</rate>
			</cmeasure>
			<cmeasure>
				<altitude>28222</altitude>
				<rate>1500</rate>
			</cmeasure>
		</climb>
    <turn>
      <turnData flapPosition="none">
        <radius>236.92</radius>
        <degPerSec>18.30</degPerSec>
        <speed>170.00</speed>
        <time>19.6</time>
      </turnData>
      <turnData flapPosition="full">
        <radius>192.91</radius>
        <degPerSec>16.30</degPerSec>
        <speed>123.00</speed>
        <time>22.13</time>
      </turnData>
    </turn>
	</performance>
</aircraft>
