<?xml version="1.0" encoding="UTF-8"?><?mso-infoPathSolution solutionVersion="1.0.0.11" PIVersion="1.0.0.0" href="http://www.my2cents.co.nz/AcesHigh.xsn" name="urn:schemas-microsoft-com:office:infopath:AcesHigh:" language="en-gb" productVersion="11.0.6565" ?><?mso-application progid="InfoPath.Document"?><aircraft xmlns:xsi="http://www.w3.org/2001/XMLSchema-instance" xmlns:my="http://schemas.microsoft.com/office/infopath/2003/myXSD/2006-01-11T22:04:29" xmlns:xd="http://schemas.microsoft.com/office/infopath/2003">
	<details>
		<type>Seafire MkII</type>
		<fuel unit="Gallons">0</fuel>
	</details>
	<performance>
		<speed wep="off" altUnit="feet" tasUnit="mph" altFactor="83.33" tasFactor="0.379" altOffset="0" tasOffset="250">
			<smeasure>
				<altitude>0</altitude>
				<tas>106</tas>
			</smeasure>
		<smeasure>
									<altitude>228</altitude>
									<tas>308</tas>
								</smeasure><smeasure>
									<altitude>360</altitude>
									<tas>222</tas>
								</smeasure></speed>
		<speed wep="on" altUnit="feet" tasUnit="mph" altFactor="83.33" tasFactor="0.379" altOffset="0" tasOffset="250">
									<smeasure>
										<altitude>0</altitude>
										<tas>147</tas>
									</smeasure>
								<smeasure>
									<altitude>193</altitude>
									<tas>318</tas>
								</smeasure><smeasure>
									<altitude>204</altitude>
									<tas>319</tas>
								</smeasure><smeasure>
									<altitude>218</altitude>
									<tas>313</tas>
								</smeasure><smeasure>
									<altitude>229</altitude>
									<tas>312</tas>
								</smeasure><smeasure>
									<altitude>360</altitude>
									<tas>227</tas>
								</smeasure></speed><climb wep="off" altUnit="feet" rateUnit="fps" altFactor="83.33" rateFactor="7.58" altOffset="0" rateOffset="500">
			<cmeasure>
				<altitude>0</altitude>
				<rate>299</rate>
			</cmeasure>
		<cmeasure>
									<altitude>168</altitude>
									<rate>320</rate>
								</cmeasure><cmeasure>
									<altitude>360</altitude>
									<rate>43</rate>
								</cmeasure></climb>
		<climb wep="on" altUnit="feet" rateUnit="fps" altFactor="83.33" rateFactor="7.58" altOffset="0" rateOffset="500">
									<cmeasure>
										<altitude>0</altitude>
										<rate>352</rate>
									</cmeasure>
								<cmeasure>
									<altitude>144</altitude>
									<rate>370</rate>
								</cmeasure><cmeasure>
									<altitude>169</altitude>
									<rate>339</rate>
								</cmeasure><cmeasure>
									<altitude>360</altitude>
									<rate>70</rate>
								</cmeasure>
    </climb>
    <turn>
      <turnData flapPosition="none">
        <radius>188.49</radius>
        <degPerSec>18.90</degPerSec>
        <speed>140.00</speed>
        <time>19.00</time>
      </turnData>
      <turnData flapPosition="full">
        <radius>135.18</radius>
        <degPerSec>18.50</degPerSec>
        <speed>98.00</speed>
        <time>19.46</time>
      </turnData>
    </turn>
	</performance>
</aircraft>