<?xml version="1.0" encoding="UTF-8"?><?mso-infoPathSolution solutionVersion="1.0.0.11" PIVersion="1.0.0.0" href="http://www.my2cents.co.nz/AcesHigh.xsn" name="urn:schemas-microsoft-com:office:infopath:AcesHigh:" language="en-au" productVersion="11.0.8034" ?><?mso-application progid="InfoPath.Document"?><aircraft xmlns:xsi="http://www.w3.org/2001/XMLSchema-instance" xmlns:my="http://schemas.microsoft.com/office/infopath/2003/myXSD/2006-01-11T22:04:29" xmlns:xd="http://schemas.microsoft.com/office/infopath/2003">
	<details>
		<type>Spit XIV</type>
		<fuel unit="">0</fuel>
	</details>
	<performance>
		<speed wep="off" altUnit="feet" tasUnit="mph" altFactor="165.563" tasFactor="0.57" altOffset="0" tasOffset="300">
			<smeasure>
				<altitude>0</altitude>
				<tas>60</tas>
			</smeasure>
		<smeasure>
									<altitude>78</altitude>
									<tas>174</tas>
								</smeasure><smeasure>
									<altitude>121</altitude>
									<tas>149</tas>
								</smeasure><smeasure>
									<altitude>175</altitude>
									<tas>228</tas>
								</smeasure><smeasure>
									<altitude>194</altitude>
									<tas>212</tas>
								</smeasure><smeasure>
									<altitude>221</altitude>
									<tas>173</tas>
								</smeasure><smeasure>
									<altitude>241</altitude>
									<tas>142</tas>
								</smeasure><smeasure>
									<altitude>251</altitude>
									<tas>129</tas>
								</smeasure><smeasure>
									<altitude>259</altitude>
									<tas>111</tas>
								</smeasure><smeasure>
									<altitude>270</altitude>
									<tas>89</tas>
								</smeasure><smeasure>
									<altitude>278</altitude>
									<tas>67</tas>
								</smeasure><smeasure>
									<altitude>290</altitude>
									<tas>41</tas>
								</smeasure></speed>
		<speed wep="on" altUnit="feet" tasUnit="mph" altFactor="165.563" tasFactor="0.57" altOffset="0" tasOffset="300">
									<smeasure>
										<altitude>0</altitude>
										<tas>108</tas>
									</smeasure>
								<smeasure>
									<altitude>66</altitude>
									<tas>204</tas>
								</smeasure><smeasure>
									<altitude>97</altitude>
									<tas>180</tas>
								</smeasure><smeasure>
									<altitude>140</altitude>
									<tas>229</tas>
								</smeasure><smeasure>
									<altitude>157</altitude>
									<tas>254</tas>
								</smeasure><smeasure>
									<altitude>175</altitude>
									<tas>228</tas>
								</smeasure><smeasure>
									<altitude>194</altitude>
									<tas>212</tas>
								</smeasure><smeasure>
									<altitude>221</altitude>
									<tas>173</tas>
								</smeasure><smeasure>
									<altitude>241</altitude>
									<tas>142</tas>
								</smeasure><smeasure>
									<altitude>251</altitude>
									<tas>129</tas>
								</smeasure><smeasure>
									<altitude>259</altitude>
									<tas>111</tas>
								</smeasure><smeasure>
									<altitude>270</altitude>
									<tas>89</tas>
								</smeasure><smeasure>
									<altitude>278</altitude>
									<tas>67</tas>
								</smeasure><smeasure>
									<altitude>290</altitude>
									<tas>41</tas>
								</smeasure></speed><climb wep="off" altUnit="feet" rateUnit="fps" altFactor="97.987" rateFactor="15.625" altOffset="0" rateOffset="1500">
			<cmeasure>
				<altitude>0</altitude>
				<rate>141</rate>
			</cmeasure>
		<cmeasure>
									<altitude>15</altitude>
									<rate>141</rate>
								</cmeasure><cmeasure>
									<altitude>80</altitude>
									<rate>149</rate>
								</cmeasure><cmeasure>
									<altitude>96</altitude>
									<rate>149</rate>
								</cmeasure><cmeasure>
									<altitude>112</altitude>
									<rate>151</rate>
								</cmeasure><cmeasure>
									<altitude>196</altitude>
									<rate>74</rate>
								</cmeasure><cmeasure>
									<altitude>268</altitude>
									<rate>74</rate>
								</cmeasure><cmeasure>
									<altitude>309</altitude>
									<rate>36</rate>
								</cmeasure></climb>
		<climb wep="on" altUnit="feet" rateUnit="fps" altFactor="97.987" rateFactor="15.625" altOffset="0" rateOffset="1500">
									<cmeasure>
										<altitude>0</altitude>
										<rate>220</rate>
									</cmeasure>
								<cmeasure>
									<altitude>58</altitude>
									<rate>227</rate>
								</cmeasure><cmeasure>
									<altitude>82</altitude>
									<rate>228</rate>
								</cmeasure><cmeasure>
									<altitude>165</altitude>
									<rate>135</rate>
								</cmeasure><cmeasure>
									<altitude>228</altitude>
									<rate>135</rate>
								</cmeasure><cmeasure>
									<altitude>245</altitude>
									<rate>103</rate>
								</cmeasure><cmeasure>
									<altitude>267</altitude>
									<rate>75</rate>
								</cmeasure><cmeasure>
									<altitude>309</altitude>
									<rate>36</rate>
								</cmeasure>
    </climb>
    <turn>
      <turnData flapPosition="none">
        <radius>191.60</radius>
        <degPerSec>22.50</degPerSec>
        <speed>169.00</speed>
        <time>16.00</time>
      </turnData>
      <turnData flapPosition="full">
        <radius>155.23</radius>
        <degPerSec>19.40</degPerSec>
        <speed>118.00</speed>
        <time>18.56</time>
      </turnData>
    </turn>
	</performance>
</aircraft>