<?xml version="1.0" encoding="UTF-8"?><?mso-infoPathSolution solutionVersion="1.0.0.11" PIVersion="1.0.0.0" href="http://www.my2cents.co.nz/AcesHigh.xsn" name="urn:schemas-microsoft-com:office:infopath:AcesHigh:" language="en-gb" productVersion="11.0.6565" ?><?mso-application progid="InfoPath.Document"?><aircraft xmlns:xsi="http://www.w3.org/2001/XMLSchema-instance" xmlns:my="http://schemas.microsoft.com/office/infopath/2003/myXSD/2006-01-11T22:04:29" xmlns:xd="http://schemas.microsoft.com/office/infopath/2003">
	<details>
		<type>Spit VIII</type>
		<fuel unit="Gallons">0</fuel>
	</details>
	<performance>
		<speed wep="off" altUnit="feet" tasUnit="mph" altFactor="83.33" tasFactor="0.379" altOffset="0" tasOffset="300">
			<smeasure>
				<altitude>0</altitude>
				<tas>30</tas>
			</smeasure>
		<smeasure>
									<altitude>156</altitude>
									<tas>174</tas>
								</smeasure><smeasure>
									<altitude>168</altitude>
									<tas>173</tas>
								</smeasure><smeasure>
									<altitude>192</altitude>
									<tas>165</tas>
								</smeasure><smeasure>
									<altitude>251</altitude>
									<tas>220</tas>
								</smeasure><smeasure>
									<altitude>276</altitude>
									<tas>240</tas>
								</smeasure><smeasure>
									<altitude>320</altitude>
									<tas>226</tas>
								</smeasure><smeasure>
									<altitude>360</altitude>
									<tas>199</tas>
								</smeasure></speed>
		<speed wep="on" altUnit="feet" tasUnit="mph" altFactor="83.33" tasFactor="0.379" altOffset="0" tasOffset="300">
									<smeasure>
										<altitude>0</altitude>
										<tas>101</tas>
									</smeasure>
								<smeasure>
									<altitude>133</altitude>
									<tas>224</tas>
								</smeasure><smeasure>
									<altitude>144</altitude>
									<tas>222</tas>
								</smeasure><smeasure>
									<altitude>170</altitude>
									<tas>210</tas>
								</smeasure><smeasure>
									<altitude>184</altitude>
									<tas>219</tas>
								</smeasure><smeasure>
									<altitude>251</altitude>
									<tas>276</tas>
								</smeasure><smeasure>
									<altitude>276</altitude>
									<tas>269</tas>
								</smeasure><smeasure>
									<altitude>288</altitude>
									<tas>261</tas>
								</smeasure><smeasure>
									<altitude>324</altitude>
									<tas>245</tas>
								</smeasure><smeasure>
									<altitude>340</altitude>
									<tas>231</tas>
								</smeasure><smeasure>
									<altitude>360</altitude>
									<tas>217</tas>
								</smeasure></speed><climb wep="off" altUnit="feet" rateUnit="fps" altFactor="83.33" rateFactor="8.77" altOffset="0" rateOffset="1500">
			<cmeasure>
				<altitude>0</altitude>
				<rate>244</rate>
			</cmeasure>
		<cmeasure>
									<altitude>132</altitude>
									<rate>244</rate>
								</cmeasure><cmeasure>
									<altitude>180</altitude>
									<rate>182</rate>
								</cmeasure><cmeasure>
									<altitude>251</altitude>
									<rate>182</rate>
								</cmeasure><cmeasure>
									<altitude>360</altitude>
									<rate>45</rate>
								</cmeasure></climb>
		<climb wep="on" altUnit="feet" rateUnit="fps" altFactor="83.33" rateFactor="8.77" altOffset="0" rateOffset="1500">
									<cmeasure>
										<altitude>0</altitude>
										<rate>354</rate>
									</cmeasure>
								<cmeasure>
									<altitude>84</altitude>
									<rate>354</rate>
								</cmeasure><cmeasure>
									<altitude>120</altitude>
									<rate>302</rate>
								</cmeasure><cmeasure>
									<altitude>215</altitude>
									<rate>302</rate>
								</cmeasure><cmeasure>
									<altitude>274</altitude>
									<rate>187</rate>
								</cmeasure><cmeasure>
									<altitude>360</altitude>
									<rate>63</rate>
								</cmeasure>
    </climb>
    <turn>
      <turnData flapPosition="none">
        <radius>173.25</radius>
        <degPerSec>24.00</degPerSec>
        <speed>163.00</speed>
        <time>15</time>
      </turnData>
      <turnData flapPosition="full">
        <radius>136.52</radius>
        <degPerSec>20.90</degPerSec>
        <speed>112.00</speed>
        <time>17.2</time>
      </turnData>
    </turn>
	</performance>
</aircraft>