<?xml version="1.0" encoding="UTF-8"?><?mso-infoPathSolution PIVersion="1.0.0.0" href="file:///C:\ChrisWork\sourceRoot\Project\Other\PerformanceComparison\schemas\AircraftEntry.xsn" name="urn:schemas-microsoft-com:office:infopath:AircraftEntry:" language="en-us" solutionVersion="1.0.0.11" productVersion="11.0.8034" ?><?mso-application progid="InfoPath.Document"?><aircraft xmlns:xsi="http://www.w3.org/2001/XMLSchema-instance" xmlns:xd="http://schemas.microsoft.com/office/infopath/2003" xmlns:my="http://schemas.microsoft.com/office/infopath/2003/myXSD/2006-01-11T22:04:29">
	<details>
		<type>Spit V</type>
		<fuel unit="gallons">0</fuel>
	</details>
	<performance>
		
		<speed wep="off" altUnit="feet" tasUnit="mph" altFactor="96.77" tasFactor="0.64" altOffset="0" tasOffset="250">
									<smeasure>
										<altitude>0</altitude>
										<tas>68</tas>
									</smeasure>
								<smeasure>
									<altitude>59</altitude>
									<tas>103</tas>
								</smeasure><smeasure>
									<altitude>133</altitude>
									<tas>150</tas>
								</smeasure><smeasure>
									<altitude>203</altitude>
									<tas>192</tas>
								</smeasure><smeasure>
									<altitude>211</altitude>
									<tas>191</tas>
								</smeasure><smeasure>
									<altitude>272</altitude>
									<tas>158</tas>
								</smeasure><smeasure>
									<altitude>310</altitude>
									<tas>137</tas>
								</smeasure></speed><speed wep="on" altUnit="feet" tasUnit="mph" altFactor="96.77" tasFactor="0.64" altOffset="0" tasOffset="250">
									<smeasure>
										<altitude>0</altitude>
										<tas>83</tas>
									</smeasure>
								<smeasure>
									<altitude>59</altitude>
									<tas>118</tas>
								</smeasure><smeasure>
									<altitude>133</altitude>
									<tas>163</tas>
								</smeasure><smeasure>
									<altitude>192</altitude>
									<tas>195</tas>
								</smeasure><smeasure>
									<altitude>196</altitude>
									<tas>196</tas>
								</smeasure><smeasure>
									<altitude>211</altitude>
									<tas>191</tas>
								</smeasure><smeasure>
									<altitude>272</altitude>
									<tas>158</tas>
								</smeasure><smeasure>
									<altitude>310</altitude>
									<tas>137</tas>
								</smeasure></speed><climb wep="off" altUnit="feet" rateUnit="mph" altFactor="97.40" rateFactor="9.29" altOffset="0" rateOffset="1500">
									<cmeasure>
										<altitude>0</altitude>
										<rate>161</rate>
									</cmeasure>
								<cmeasure>
									<altitude>83</altitude>
									<rate>169</rate>
								</cmeasure><cmeasure>
									<altitude>157</altitude>
									<rate>178</rate>
								</cmeasure><cmeasure>
									<altitude>163</altitude>
									<rate>177</rate>
								</cmeasure><cmeasure>
									<altitude>173</altitude>
									<rate>163</rate>
								</cmeasure><cmeasure>
									<altitude>216</altitude>
									<rate>104</rate>
								</cmeasure><cmeasure>
									<altitude>274</altitude>
									<rate>21</rate>
								</cmeasure><cmeasure>
									<altitude>290</altitude>
									<rate>0</rate>
								</cmeasure></climb>
	<climb wep="on" altUnit="feet" rateUnit="mph" altFactor="97.4" rateFactor="9.29" altOffset="0" rateOffset="1500">
									<cmeasure>
										<altitude>0</altitude>
										<rate>206</rate>
									</cmeasure>
								<cmeasure>
									<altitude>83</altitude>
									<rate>215</rate>
								</cmeasure><cmeasure>
									<altitude>129</altitude>
									<rate>220</rate>
								</cmeasure><cmeasure>
									<altitude>132</altitude>
									<rate>219</rate>
								</cmeasure><cmeasure>
									<altitude>147</altitude>
									<rate>199</rate>
								</cmeasure><cmeasure>
									<altitude>161</altitude>
									<rate>181</rate>
								</cmeasure><cmeasure>
									<altitude>163</altitude>
									<rate>177</rate>
								</cmeasure><cmeasure>
									<altitude>216</altitude>
									<rate>104</rate>
								</cmeasure><cmeasure>
									<altitude>274</altitude>
									<rate>21</rate>
								</cmeasure><cmeasure>
									<altitude>290</altitude>
									<rate>0</rate>
								</cmeasure>
    </climb>
    <turn>
      <turnData flapPosition="none">
        <radius>153.19</radius>
        <degPerSec>23.00</degPerSec>
        <speed>138.00</speed>
        <time>15.66</time>
      </turnData>
      <turnData flapPosition="full">
        <radius>117.77</radius>
        <degPerSec>21.00</degPerSec>
        <speed>97.00</speed>
        <time>17.13</time>
      </turnData>
    </turn>
</performance>
</aircraft>