<?xml version="1.0" encoding="UTF-8"?><?mso-infoPathSolution PIVersion="1.0.0.0" href="file:///C:\ChrisWork\sourceRoot\Project\Other\PerformanceComparison\schemas\AircraftEntry.xsn" name="urn:schemas-microsoft-com:office:infopath:AircraftEntry:" language="en-us" solutionVersion="1.0.0.11" productVersion="11.0.8034" ?><?mso-application progid="InfoPath.Document"?><aircraft xmlns:xsi="http://www.w3.org/2001/XMLSchema-instance" xmlns:xd="http://schemas.microsoft.com/office/infopath/2003" xmlns:my="http://schemas.microsoft.com/office/infopath/2003/myXSD/2006-01-11T22:04:29">
	<details>
		<type>Spit IX</type>
		<fuel unit="gallons">0</fuel>
	</details>
	<performance>
		<speed wep="off" altUnit="feet" tasUnit="mph" altFactor="96.46" tasFactor="0.54" altOffset="0" tasOffset="275">
			<smeasure>
				<altitude>0</altitude>
				<tas>66</tas>
			</smeasure>
		<smeasure>
									<altitude>74</altitude>
									<tas>123</tas>
								</smeasure><smeasure>
									<altitude>167</altitude>
									<tas>196</tas>
								</smeasure><smeasure>
									<altitude>184</altitude>
									<tas>191</tas>
								</smeasure><smeasure>
									<altitude>201</altitude>
									<tas>187</tas>
								</smeasure><smeasure>
									<altitude>210</altitude>
									<tas>188</tas>
								</smeasure><smeasure>
									<altitude>250</altitude>
									<tas>217</tas>
								</smeasure><smeasure>
									<altitude>287</altitude>
									<tas>242</tas>
								</smeasure><smeasure>
									<altitude>292</altitude>
									<tas>242</tas>
								</smeasure><smeasure>
									<altitude>297</altitude>
									<tas>236</tas>
								</smeasure><smeasure>
									<altitude>301</altitude>
									<tas>235</tas>
								</smeasure><smeasure>
									<altitude>311</altitude>
									<tas>228</tas>
								</smeasure></speed>
		<speed wep="on" altUnit="feet" tasUnit="mph" altFactor="96.46" tasFactor="0.54" altOffset="0" tasOffset="275">
									<smeasure>
										<altitude>0</altitude>
										<tas>83</tas>
									</smeasure>
								<smeasure>
									<altitude>74</altitude>
									<tas>140</tas>
								</smeasure><smeasure>
									<altitude>147</altitude>
									<tas>196</tas>
								</smeasure><smeasure>
									<altitude>156</altitude>
									<tas>198</tas>
								</smeasure><smeasure>
									<altitude>172</altitude>
									<tas>198</tas>
								</smeasure><smeasure>
									<altitude>184</altitude>
									<tas>195</tas>
								</smeasure><smeasure>
									<altitude>196</altitude>
									<tas>194</tas>
								</smeasure><smeasure>
									<altitude>207</altitude>
									<tas>200</tas>
								</smeasure><smeasure>
									<altitude>227</altitude>
									<tas>220</tas>
								</smeasure><smeasure>
									<altitude>250</altitude>
									<tas>235</tas>
								</smeasure><smeasure>
									<altitude>279</altitude>
									<tas>252</tas>
								</smeasure><smeasure>
									<altitude>311</altitude>
									<tas>232</tas>
								</smeasure></speed><climb wep="off" altUnit="feet" rateUnit="mph" altFactor="97.09" rateFactor="10" altOffset="0" rateOffset="2000">
			<cmeasure>
				<altitude>0</altitude>
				<rate>141</rate>
			</cmeasure>
		<cmeasure>
									<altitude>52</altitude>
									<rate>145</rate>
								</cmeasure><cmeasure>
									<altitude>89</altitude>
									<rate>148</rate>
								</cmeasure><cmeasure>
									<altitude>104</altitude>
									<rate>153</rate>
								</cmeasure><cmeasure>
									<altitude>134</altitude>
									<rate>155</rate>
								</cmeasure><cmeasure>
									<altitude>142</altitude>
									<rate>157</rate>
								</cmeasure><cmeasure>
									<altitude>148</altitude>
									<rate>147</rate>
								</cmeasure><cmeasure>
									<altitude>166</altitude>
									<rate>121</rate>
								</cmeasure><cmeasure>
									<altitude>184</altitude>
									<rate>91</rate>
								</cmeasure><cmeasure>
									<altitude>195</altitude>
									<rate>88</rate>
								</cmeasure><cmeasure>
									<altitude>258</altitude>
									<rate>62</rate>
								</cmeasure><cmeasure>
									<altitude>264</altitude>
									<rate>61</rate>
								</cmeasure><cmeasure>
									<altitude>268</altitude>
									<rate>57</rate>
								</cmeasure><cmeasure>
									<altitude>275</altitude>
									<rate>45</rate>
								</cmeasure><cmeasure>
									<altitude>290</altitude>
									<rate>21</rate>
								</cmeasure><cmeasure>
									<altitude>303</altitude>
									<rate>0</rate>
								</cmeasure></climb>
	<climb wep="on" altUnit="feet" rateUnit="mph" altFactor="97.09" rateFactor="10" altOffset="0" rateOffset="2000">
									<cmeasure>
										<altitude>0</altitude>
										<rate>186</rate>
									</cmeasure>
								<cmeasure>
									<altitude>127</altitude>
									<rate>199</rate>
								</cmeasure><cmeasure>
									<altitude>133</altitude>
									<rate>200</rate>
								</cmeasure><cmeasure>
									<altitude>152</altitude>
									<rate>171</rate>
								</cmeasure><cmeasure>
									<altitude>171</altitude>
									<rate>145</rate>
								</cmeasure><cmeasure>
									<altitude>184</altitude>
									<rate>132</rate>
								</cmeasure><cmeasure>
									<altitude>257</altitude>
									<rate>109</rate>
								</cmeasure><cmeasure>
									<altitude>268</altitude>
									<rate>94</rate>
								</cmeasure><cmeasure>
									<altitude>277</altitude>
									<rate>66</rate>
								</cmeasure><cmeasure>
									<altitude>309</altitude>
									<rate>18</rate>
								</cmeasure>
    </climb>
    <turn>
      <turnData flapPosition="none">
        <radius>192.76</radius>
        <degPerSec>22.50</degPerSec>
        <speed>170.00</speed>
        <time>16</time>
      </turnData>
      <turnData flapPosition="full">
        <radius>131.95</radius>
        <degPerSec>20.50</degPerSec>
        <speed>106.00</speed>
        <time>17.5</time>
      </turnData>
    </turn>		
</performance>
</aircraft>