<?xml version="1.0" encoding="UTF-8"?><?mso-infoPathSolution solutionVersion="1.0.0.11" PIVersion="1.0.0.0" href="http://www.my2cents.co.nz/AcesHigh.xsn" name="urn:schemas-microsoft-com:office:infopath:AcesHigh:" language="en-gb" productVersion="11.0.6565" ?><?mso-application progid="InfoPath.Document"?><aircraft xmlns:xsi="http://www.w3.org/2001/XMLSchema-instance" xmlns:my="http://schemas.microsoft.com/office/infopath/2003/myXSD/2006-01-11T22:04:29" xmlns:xd="http://schemas.microsoft.com/office/infopath/2003">
	<details>
		<type>Spit XVI</type>
		<fuel unit="Gallons">0</fuel>
	</details>
	<performance>
		<speed wep="off" altUnit="feet" tasUnit="mph" altFactor="83.33" tasFactor="0.379" altOffset="0" tasOffset="300">
			<smeasure>
				<altitude>0</altitude>
				<tas>43</tas>
			</smeasure>
		<smeasure>
									<altitude>156</altitude>
									<tas>188</tas>
								</smeasure><smeasure>
									<altitude>179</altitude>
									<tas>184</tas>
								</smeasure><smeasure>
									<altitude>192</altitude>
									<tas>178</tas>
								</smeasure><smeasure>
									<altitude>253</altitude>
									<tas>235</tas>
								</smeasure><smeasure>
									<altitude>276</altitude>
									<tas>253</tas>
								</smeasure><smeasure>
									<altitude>301</altitude>
									<tas>247</tas>
								</smeasure><smeasure>
									<altitude>360</altitude>
									<tas>214</tas>
								</smeasure></speed>
		<speed wep="on" altUnit="feet" tasUnit="mph" altFactor="83.33" tasFactor="0.379" altOffset="0" tasOffset="300">
									<smeasure>
										<altitude>0</altitude>
										<tas>115</tas>
									</smeasure>
								<smeasure>
									<altitude>132</altitude>
									<tas>237</tas>
								</smeasure><smeasure>
									<altitude>145</altitude>
									<tas>235</tas>
								</smeasure><smeasure>
									<altitude>169</altitude>
									<tas>224</tas>
								</smeasure><smeasure>
									<altitude>183</altitude>
									<tas>231</tas>
								</smeasure><smeasure>
									<altitude>192</altitude>
									<tas>240</tas>
								</smeasure><smeasure>
									<altitude>206</altitude>
									<tas>250</tas>
								</smeasure><smeasure>
									<altitude>252</altitude>
									<tas>290</tas>
								</smeasure><smeasure>
									<altitude>277</altitude>
									<tas>281</tas>
								</smeasure><smeasure>
									<altitude>289</altitude>
									<tas>273</tas>
								</smeasure><smeasure>
									<altitude>324</altitude>
									<tas>258</tas>
								</smeasure><smeasure>
									<altitude>338</altitude>
									<tas>246</tas>
								</smeasure><smeasure>
									<altitude>360</altitude>
									<tas>230</tas>
								</smeasure></speed><climb wep="off" altUnit="feet" rateUnit="fps" altFactor="83.33" rateFactor="8.77" altOffset="0" rateOffset="1500">
			<cmeasure>
				<altitude>0</altitude>
				<rate>250</rate>
			</cmeasure>
		<cmeasure>
									<altitude>131</altitude>
									<rate>250</rate>
								</cmeasure><cmeasure>
									<altitude>170</altitude>
									<rate>202</rate>
								</cmeasure><cmeasure>
									<altitude>180</altitude>
									<rate>182</rate>
								</cmeasure><cmeasure>
									<altitude>251</altitude>
									<rate>182</rate>
								</cmeasure><cmeasure>
									<altitude>360</altitude>
									<rate>28</rate>
								</cmeasure></climb>
		<climb wep="on" altUnit="" rateUnit="" altFactor="83.33" rateFactor="8.77" altOffset="0" rateOffset="1500">
									<cmeasure>
										<altitude>0</altitude>
										<rate>360</rate>
									</cmeasure>
								<cmeasure>
									<altitude>83</altitude>
									<rate>360</rate>
								</cmeasure><cmeasure>
									<altitude>109</altitude>
									<rate>323</rate>
								</cmeasure><cmeasure>
									<altitude>120</altitude>
									<rate>302</rate>
								</cmeasure><cmeasure>
									<altitude>217</altitude>
									<rate>302</rate>
								</cmeasure><cmeasure>
									<altitude>275</altitude>
									<rate>182</rate>
								</cmeasure><cmeasure>
									<altitude>360</altitude>
									<rate>46</rate>
								</cmeasure>
    </climb>
    <turn>
      <turnData flapPosition="none">
        <radius>172.76</radius>
        <degPerSec>23.50</degPerSec>
        <speed>159.00</speed>
        <time>15.33</time>
      </turnData>
      <turnData flapPosition="full">
        <radius>137.25</radius>
        <degPerSec>19.90</degPerSec>
        <speed>107.00</speed>
        <time>18.1</time>
      </turnData>
    </turn>
	</performance>
</aircraft>