<?xml version="1.0" encoding="UTF-8"?><?mso-infoPathSolution solutionVersion="1.0.0.11" productVersion="11.0.6357" PIVersion="1.0.0.0" href="http://www.my2cents.co.nz/AcesHigh.xsn" name="urn:schemas-microsoft-com:office:infopath:AcesHigh:" language="en-au" ?><?mso-application progid="InfoPath.Document"?><aircraft xmlns:xsi="http://www.w3.org/2001/XMLSchema-instance" xmlns:my="http://schemas.microsoft.com/office/infopath/2003/myXSD/2006-01-11T22:04:29" xmlns:xd="http://schemas.microsoft.com/office/infopath/2003">
	<details>
		<type>Ta 152H</type>
		<fuel unit="Gallons">0</fuel>
	</details>
	<performance>
		<speed wep="off" altUnit="feet" tasUnit="mph" altFactor="96.463" tasFactor="0.641" altOffset="0" tasOffset="300">
			<smeasure>
				<altitude>0</altitude>
				<tas>51</tas>
			</smeasure>
		<smeasure>
									<altitude>71</altitude>
									<tas>97</tas>
								</smeasure><smeasure>
									<altitude>105</altitude>
									<tas>97</tas>
								</smeasure><smeasure>
									<altitude>218</altitude>
									<tas>170</tas>
								</smeasure><smeasure>
									<altitude>247</altitude>
									<tas>170</tas>
								</smeasure><smeasure>
									<altitude>311</altitude>
									<tas>209</tas>
								</smeasure></speed>
		<speed wep="on" altUnit="feet" tasUnit="mph" altFactor="96.463" tasFactor="0.641" altOffset="0" tasOffset="300">
									<smeasure>
										<altitude>0</altitude>
										<tas>98</tas>
									</smeasure>
								<smeasure>
									<altitude>61</altitude>
									<tas>137</tas>
								</smeasure><smeasure>
									<altitude>66</altitude>
									<tas>137</tas>
								</smeasure><smeasure>
									<altitude>67</altitude>
									<tas>136</tas>
								</smeasure><smeasure>
									<altitude>102</altitude>
									<tas>136</tas>
								</smeasure><smeasure>
									<altitude>177</altitude>
									<tas>181</tas>
								</smeasure><smeasure>
									<altitude>219</altitude>
									<tas>181</tas>
								</smeasure><smeasure>
									<altitude>311</altitude>
									<tas>240</tas>
								</smeasure></speed><climb wep="off" altUnit="feet" rateUnit="fps" altFactor="96.463" rateFactor="11.111" altOffset="0" rateOffset="1000">
			<cmeasure>
				<altitude>0</altitude>
				<rate>119</rate>
			</cmeasure>
		<cmeasure>
									<altitude>56</altitude>
									<rate>112</rate>
								</cmeasure><cmeasure>
									<altitude>83</altitude>
									<rate>112</rate>
								</cmeasure><cmeasure>
									<altitude>123</altitude>
									<rate>84</rate>
								</cmeasure><cmeasure>
									<altitude>226</altitude>
									<rate>75</rate>
								</cmeasure><cmeasure>
									<altitude>272</altitude>
									<rate>46</rate>
								</cmeasure><cmeasure>
									<altitude>310</altitude>
									<rate>45</rate>
								</cmeasure></climb>
		<climb wep="on" altUnit="feet" rateUnit="fps" altFactor="96.463" rateFactor="11.111" altOffset="0" rateOffset="1000">
									<cmeasure>
										<altitude>0</altitude>
										<rate>229</rate>
									</cmeasure>
								<cmeasure>
									<altitude>59</altitude>
									<rate>223</rate>
								</cmeasure><cmeasure>
									<altitude>125</altitude>
									<rate>178</rate>
								</cmeasure><cmeasure>
									<altitude>196</altitude>
									<rate>166</rate>
								</cmeasure><cmeasure>
									<altitude>229</altitude>
									<rate>139</rate>
								</cmeasure><cmeasure>
									<altitude>248</altitude>
									<rate>120</rate>
								</cmeasure><cmeasure>
									<altitude>280</altitude>
									<rate>111</rate>
								</cmeasure><cmeasure>
									<altitude>310</altitude>
									<rate>77</rate>
								</cmeasure>
    </climb>
    <turn>
      <turnData flapPosition="none">
        <radius>243.38</radius>
        <degPerSec>19.30</degPerSec>
        <speed>184.00</speed>
        <time>18.67</time>
      </turnData>
      <turnData flapPosition="full">
        <radius>180.84</radius>
        <degPerSec>18.60</degPerSec>
        <speed>132.00</speed>
        <time>19.33</time>
      </turnData>
    </turn>
	</performance>
</aircraft>