<?xml version="1.0" encoding="UTF-8"?><?mso-infoPathSolution solutionVersion="1.0.0.6" productVersion="11.0.6357" PIVersion="1.0.0.0" href="file:///C:\ChrisWork\sourceRoot\Project\Other\PerformanceComparison\schemas\AircraftEntry.xsn" name="urn:schemas-microsoft-com:office:infopath:AircraftEntry:" language="en-au" ?><?mso-application progid="InfoPath.Document"?><aircraft xmlns:xsi="http://www.w3.org/2001/XMLSchema-instance" xmlns:xd="http://schemas.microsoft.com/office/infopath/2003" xmlns:my="http://schemas.microsoft.com/office/infopath/2003/myXSD/2006-01-11T22:04:29">
	<details>
		<type>Tempest V</type>
		<fuel unit="">0</fuel>
	</details>
	<performance>
		<speed wep="off" altUnit="feet" tasUnit="mph" altFactor="96.463" tasFactor="0.456" altOffset="0" tasOffset="350">
			<smeasure>
				<altitude>0</altitude>
				<tas>52</tas>
			</smeasure>
		<smeasure>
									<altitude>72</altitude>
									<tas>137</tas>
								</smeasure><smeasure>
									<altitude>115</altitude>
									<tas>93</tas>
								</smeasure><smeasure>
									<altitude>123</altitude>
									<tas>81</tas>
								</smeasure><smeasure>
									<altitude>129</altitude>
									<tas>87</tas>
								</smeasure><smeasure>
									<altitude>186</altitude>
									<tas>176</tas>
								</smeasure><smeasure>
									<altitude>221</altitude>
									<tas>163</tas>
								</smeasure><smeasure>
									<altitude>229</altitude>
									<tas>155</tas>
								</smeasure><smeasure>
									<altitude>268</altitude>
									<tas>128</tas>
								</smeasure><smeasure>
									<altitude>278</altitude>
									<tas>112</tas>
								</smeasure><smeasure>
									<altitude>298</altitude>
									<tas>95</tas>
								</smeasure><smeasure>
									<altitude>311</altitude>
									<tas>75</tas>
								</smeasure></speed>
		<speed wep="on" altUnit="feet" tasUnit="mph" altFactor="96.463" tasFactor="0.456" altOffset="0" tasOffset="350">
									<smeasure>
										<altitude>0</altitude>
										<tas>84</tas>
									</smeasure>
								<smeasure>
									<altitude>46</altitude>
									<tas>135</tas>
								</smeasure><smeasure>
									<altitude>63</altitude>
									<tas>146</tas>
								</smeasure><smeasure>
									<altitude>114</altitude>
									<tas>94</tas>
								</smeasure><smeasure>
									<altitude>136</altitude>
									<tas>121</tas>
								</smeasure><smeasure>
									<altitude>145</altitude>
									<tas>140</tas>
								</smeasure><smeasure>
									<altitude>170</altitude>
									<tas>171</tas>
								</smeasure><smeasure>
									<altitude>176</altitude>
									<tas>182</tas>
								</smeasure><smeasure>
									<altitude>186</altitude>
									<tas>176</tas>
								</smeasure><smeasure>
									<altitude>221</altitude>
									<tas>163</tas>
								</smeasure><smeasure>
									<altitude>229</altitude>
									<tas>155</tas>
								</smeasure><smeasure>
									<altitude>268</altitude>
									<tas>128</tas>
								</smeasure><smeasure>
									<altitude>278</altitude>
									<tas>112</tas>
								</smeasure><smeasure>
									<altitude>298</altitude>
									<tas>95</tas>
								</smeasure><smeasure>
									<altitude>311</altitude>
									<tas>75</tas>
								</smeasure></speed><climb wep="off" altUnit="feet" rateUnit="mph" altFactor="96.463" rateFactor="14.81" altOffset="0" rateOffset="1000">
			<cmeasure>
				<altitude>0</altitude>
				<rate>199</rate>
			</cmeasure>
		<cmeasure>
									<altitude>52</altitude>
									<rate>200</rate>
								</cmeasure><cmeasure>
									<altitude>59</altitude>
									<rate>190</rate>
								</cmeasure><cmeasure>
									<altitude>99</altitude>
									<rate>157</rate>
								</cmeasure><cmeasure>
									<altitude>100</altitude>
									<rate>151</rate>
								</cmeasure><cmeasure>
									<altitude>175</altitude>
									<rate>130</rate>
								</cmeasure><cmeasure>
									<altitude>297</altitude>
									<rate>0</rate>
								</cmeasure></climb>
	<climb wep="on" altUnit="feet" rateUnit="mph" altFactor="96.463" rateFactor="14.81" altOffset="0" rateOffset="1000">
									<cmeasure>
										<altitude>0</altitude>
										<rate>239</rate>
									</cmeasure>
								<cmeasure>
									<altitude>18</altitude>
									<rate>239</rate>
								</cmeasure><cmeasure>
									<altitude>70</altitude>
									<rate>180</rate>
								</cmeasure><cmeasure>
									<altitude>101</altitude>
									<rate>175</rate>
								</cmeasure><cmeasure>
									<altitude>142</altitude>
									<rate>167</rate>
								</cmeasure><cmeasure>
									<altitude>153</altitude>
									<rate>151</rate>
								</cmeasure><cmeasure>
									<altitude>175</altitude>
									<rate>130</rate>
								</cmeasure><cmeasure>
									<altitude>297</altitude>
									<rate>0</rate>
								</cmeasure>
    </climb>
    <turn>
      <turnData flapPosition="none">
        <radius>199.83</radius>
        <degPerSec>23.00</degPerSec>
        <speed>180.00</speed>
        <time>15.66</time>
      </turnData>
      <turnData flapPosition="full">
        <radius>157.83</radius>
        <degPerSec>18.80</degPerSec>
        <speed>116.00</speed>
        <time>19.2</time>
      </turnData>
    </turn>		

</performance>
</aircraft>