<?xml version="1.0" encoding="UTF-8"?><?mso-infoPathSolution solutionVersion="1.0.0.6" productVersion="11.0.6357" PIVersion="1.0.0.0" href="file:///C:\ChrisWork\sourceRoot\Project\Other\PerformanceComparison\schemas\AircraftEntry.xsn" name="urn:schemas-microsoft-com:office:infopath:AircraftEntry:" language="en-au" ?><?mso-application progid="InfoPath.Document"?><aircraft xmlns:xsi="http://www.w3.org/2001/XMLSchema-instance" xmlns:xd="http://schemas.microsoft.com/office/infopath/2003" xmlns:my="http://schemas.microsoft.com/office/infopath/2003/myXSD/2006-01-11T22:04:29">
	<details>
		<type>Typhoon Mk1</type>
		<fuel unit="Gallons">0</fuel>
	</details>
	<performance>
		<speed wep="off" altUnit="feet" tasUnit="mph" altFactor="96.154" tasFactor="0.456" altOffset="0" tasOffset="325">
			<smeasure>
				<altitude>0</altitude>
				<tas>67</tas>
			</smeasure>
		<smeasure>
									<altitude>82</altitude>
									<tas>138</tas>
								</smeasure><smeasure>
									<altitude>124</altitude>
									<tas>109</tas>
								</smeasure><smeasure>
									<altitude>147</altitude>
									<tas>133</tas>
								</smeasure><smeasure>
									<altitude>170</altitude>
									<tas>149</tas>
								</smeasure><smeasure>
									<altitude>195</altitude>
									<tas>174</tas>
								</smeasure><smeasure>
									<altitude>232</altitude>
									<tas>141</tas>
								</smeasure><smeasure>
									<altitude>268</altitude>
									<tas>98</tas>
								</smeasure><smeasure>
									<altitude>279</altitude>
									<tas>83</tas>
								</smeasure><smeasure>
									<altitude>300</altitude>
									<tas>55</tas>
								</smeasure><smeasure>
									<altitude>312</altitude>
									<tas>42</tas>
								</smeasure></speed>
		<speed wep="on" altUnit="feet" tasUnit="mph" altFactor="96.154" tasFactor="0.456" altOffset="0" tasOffset="325">
									<smeasure>
										<altitude>0</altitude>
										<tas>102</tas>
									</smeasure>
								<smeasure>
									<altitude>62</altitude>
									<tas>153</tas>
								</smeasure><smeasure>
									<altitude>102</altitude>
									<tas>125</tas>
								</smeasure><smeasure>
									<altitude>115</altitude>
									<tas>122</tas>
								</smeasure><smeasure>
									<altitude>124</altitude>
									<tas>134</tas>
								</smeasure><smeasure>
									<altitude>185</altitude>
									<tas>184</tas>
								</smeasure><smeasure>
									<altitude>195</altitude>
									<tas>174</tas>
								</smeasure><smeasure>
									<altitude>232</altitude>
									<tas>141</tas>
								</smeasure><smeasure>
									<altitude>268</altitude>
									<tas>98</tas>
								</smeasure><smeasure>
									<altitude>279</altitude>
									<tas>83</tas>
								</smeasure><smeasure>
									<altitude>300</altitude>
									<tas>55</tas>
								</smeasure><smeasure>
									<altitude>312</altitude>
									<tas>42</tas>
								</smeasure></speed><climb wep="off" altUnit="feet" rateUnit="mph" altFactor="96.46" rateFactor="14.81" altOffset="0" rateOffset="1000">
			<cmeasure>
				<altitude>0</altitude>
				<rate>134</rate>
			</cmeasure>
		<cmeasure>
									<altitude>51</altitude>
									<rate>143</rate>
								</cmeasure><cmeasure>
									<altitude>103</altitude>
									<rate>89</rate>
								</cmeasure><cmeasure>
									<altitude>177</altitude>
									<rate>77</rate>
								</cmeasure><cmeasure>
									<altitude>185</altitude>
									<rate>67</rate>
								</cmeasure><cmeasure>
									<altitude>274</altitude>
									<rate>0</rate>
								</cmeasure></climb>
	<climb wep="on" altUnit="feet" rateUnit="mph" altFactor="96.46" rateFactor="14.81" altOffset="0" rateOffset="1000">
									<cmeasure>
										<altitude>0</altitude>
										<rate>160</rate>
									</cmeasure>
								<cmeasure>
									<altitude>31</altitude>
									<rate>164</rate>
								</cmeasure><cmeasure>
									<altitude>71</altitude>
									<rate>121</rate>
								</cmeasure><cmeasure>
									<altitude>81</altitude>
									<rate>115</rate>
								</cmeasure><cmeasure>
									<altitude>145</altitude>
									<rate>103</rate>
								</cmeasure><cmeasure>
									<altitude>177</altitude>
									<rate>77</rate>
								</cmeasure><cmeasure>
									<altitude>185</altitude>
									<rate>67</rate>
								</cmeasure><cmeasure>
									<altitude>274</altitude>
									<rate>0</rate>
								</cmeasure>
  </climb>
  <turn>
    <turnData flapPosition="none">
      <radius>216.93</radius>
      <degPerSec>19.30</degPerSec>
      <speed>164.00</speed>
      <time>18.66</time>
    </turnData>
    <turnData flapPosition="full">
      <radius>166.91</radius>
      <degPerSec>18.50</degPerSec>
      <speed>121.00</speed>
      <time>19.46</time>
    </turnData>
  </turn>		
</performance>
</aircraft>