<?xml version="1.0" encoding="UTF-8"?><?mso-infoPathSolution solutionVersion="1.0.0.6" productVersion="11.0.6357" PIVersion="1.0.0.0" href="file:///C:\ChrisWork\sourceRoot\Project\Other\PerformanceComparison\schemas\AircraftEntry.xsn" name="urn:schemas-microsoft-com:office:infopath:AircraftEntry:" language="en-au" ?><?mso-application progid="InfoPath.Document"?><aircraft xmlns:xsi="http://www.w3.org/2001/XMLSchema-instance" xmlns:xd="http://schemas.microsoft.com/office/infopath/2003" xmlns:my="http://schemas.microsoft.com/office/infopath/2003/myXSD/2006-01-11T22:04:29">
	<details>
		<type>YAK-9T</type>
		<fuel unit="gallons">0</fuel>
	</details>
	<performance>
		<speed wep="off" altUnit="feet" tasUnit="mph" altFactor="96.1538" tasFactor="0.4545" altOffset="0" tasOffset="300">
			<smeasure>
				<altitude>0</altitude>
				<tas>63</tas>
			</smeasure>
		<smeasure>
									<altitude>62</altitude>
									<tas>114</tas>
								</smeasure><smeasure>
									<altitude>83</altitude>
									<tas>104</tas>
								</smeasure><smeasure>
									<altitude>134</altitude>
									<tas>144</tas>
								</smeasure><smeasure>
									<altitude>169</altitude>
									<tas>127</tas>
								</smeasure><smeasure>
									<altitude>202</altitude>
									<tas>103</tas>
								</smeasure><smeasure>
									<altitude>224</altitude>
									<tas>93</tas>
								</smeasure><smeasure>
									<altitude>251</altitude>
									<tas>69</tas>
								</smeasure><smeasure>
									<altitude>274</altitude>
									<tas>49</tas>
								</smeasure><smeasure>
									<altitude>295</altitude>
									<tas>20</tas>
								</smeasure><smeasure>
									<altitude>309</altitude>
									<tas>0</tas>
								</smeasure></speed>
		<speed wep="on" altUnit="feet" tasUnit="mph" altFactor="96.1538" tasFactor="0.4545" altOffset="0" tasOffset="300">
									<smeasure>
										<altitude>0</altitude>
										<tas>84</tas>
									</smeasure>
								<smeasure>
									<altitude>40</altitude>
									<tas>118</tas>
								</smeasure><smeasure>
									<altitude>83</altitude>
									<tas>104</tas>
								</smeasure><smeasure>
									<altitude>134</altitude>
									<tas>144</tas>
								</smeasure><smeasure>
									<altitude>169</altitude>
									<tas>127</tas>
								</smeasure><smeasure>
									<altitude>202</altitude>
									<tas>103</tas>
								</smeasure><smeasure>
									<altitude>224</altitude>
									<tas>93</tas>
								</smeasure><smeasure>
									<altitude>251</altitude>
									<tas>69</tas>
								</smeasure><smeasure>
									<altitude>274</altitude>
									<tas>49</tas>
								</smeasure><smeasure>
									<altitude>295</altitude>
									<tas>20</tas>
								</smeasure><smeasure>
									<altitude>309</altitude>
									<tas>0</tas>
								</smeasure></speed>
	<climb wep="off" altUnit="feet" rateUnit="mph" altFactor="96.7741" rateFactor="14.81" altOffset="0" rateOffset="1000">
			<cmeasure>
				<altitude>0</altitude>
				<rate>127</rate>
			</cmeasure>
		<cmeasure>
									<altitude>50</altitude>
									<rate>136</rate>
								</cmeasure><cmeasure>
									<altitude>83</altitude>
									<rate>127</rate>
								</cmeasure><cmeasure>
									<altitude>103</altitude>
									<rate>135</rate>
								</cmeasure><cmeasure>
									<altitude>262</altitude>
									<rate>0</rate>
								</cmeasure></climb><climb wep="on" altUnit="feet" rateUnit="mph" altFactor="96.7741" rateFactor="14.81" altOffset="0" rateOffset="1000">
			<cmeasure>
				<altitude>0</altitude>
				<rate>143</rate>
			</cmeasure>
		<cmeasure>
									<altitude>24</altitude>
									<rate>146</rate>
								</cmeasure><cmeasure>
									<altitude>83</altitude>
									<rate>127</rate>
								</cmeasure><cmeasure>
									<altitude>103</altitude>
									<rate>135</rate>
								</cmeasure><cmeasure>
									<altitude>262</altitude>
									<rate>0</rate>
								</cmeasure>
                </climb>

    <turn>
      <turnData flapPosition="none">
        <radius>187.09</radius>
        <degPerSec>19.60</degPerSec>
        <speed>144.00</speed>
        <time>18.33</time>
      </turnData>
      <turnData flapPosition="full">
        <radius>157.15</radius>
        <degPerSec>18.20</degPerSec>
        <speed>112.00</speed>
        <time>19.8</time>
      </turnData>
    </turn>		

</performance>
</aircraft>