<?xml version="1.0" encoding="UTF-8"?><?mso-infoPathSolution solutionVersion="1.0.0.6" productVersion="11.0.6357" PIVersion="1.0.0.0" href="file:///C:\ChrisWork\sourceRoot\Project\Other\PerformanceComparison\schemas\AircraftEntry.xsn" name="urn:schemas-microsoft-com:office:infopath:AircraftEntry:" language="en-au" ?><?mso-application progid="InfoPath.Document"?><aircraft xmlns:xsi="http://www.w3.org/2001/XMLSchema-instance" xmlns:xd="http://schemas.microsoft.com/office/infopath/2003" xmlns:my="http://schemas.microsoft.com/office/infopath/2003/myXSD/2006-01-11T22:04:29">
	<details>
		<type>Yak-9U</type>
		<fuel unit="gallons">0</fuel>
	</details>
	<performance>
		<speed wep="off" altUnit="feet" tasUnit="mph" altFactor="96.153" tasFactor="0.4545" altOffset="0" tasOffset="325">
			<smeasure>
				<altitude>0</altitude>
				<tas>71</tas>
			</smeasure>
		<smeasure>
									<altitude>13</altitude>
									<tas>83</tas>
								</smeasure><smeasure>
									<altitude>25</altitude>
									<tas>97</tas>
								</smeasure><smeasure>
									<altitude>36</altitude>
									<tas>111</tas>
								</smeasure><smeasure>
									<altitude>44</altitude>
									<tas>122</tas>
								</smeasure><smeasure>
									<altitude>56</altitude>
									<tas>131</tas>
								</smeasure><smeasure>
									<altitude>69</altitude>
									<tas>150</tas>
								</smeasure><smeasure>
									<altitude>74</altitude>
									<tas>150</tas>
								</smeasure><smeasure>
									<altitude>92</altitude>
									<tas>132</tas>
								</smeasure><smeasure>
									<altitude>175</altitude>
									<tas>202</tas>
								</smeasure><smeasure>
									<altitude>178</altitude>
									<tas>202</tas>
								</smeasure><smeasure>
									<altitude>201</altitude>
									<tas>188</tas>
								</smeasure><smeasure>
									<altitude>243</altitude>
									<tas>169</tas>
								</smeasure><smeasure>
									<altitude>259</altitude>
									<tas>162</tas>
								</smeasure><smeasure>
									<altitude>311</altitude>
									<tas>128</tas>
								</smeasure></speed>
		<climb wep="off" altUnit="feet" rateUnit="" altFactor="96.1538" rateFactor="14.81" altOffset="0" rateOffset="1000">
			<cmeasure>
				<altitude>0</altitude>
				<rate>178</rate>
			</cmeasure>
		<cmeasure>
									<altitude>61</altitude>
									<rate>178</rate>
								</cmeasure><cmeasure>
									<altitude>83</altitude>
									<rate>140</rate>
								</cmeasure><cmeasure>
									<altitude>98</altitude>
									<rate>143</rate>
								</cmeasure><cmeasure>
									<altitude>117</altitude>
									<rate>143</rate>
								</cmeasure><cmeasure>
									<altitude>145</altitude>
									<rate>146</rate>
								</cmeasure><cmeasure>
									<altitude>170</altitude>
									<rate>126</rate>
								</cmeasure><cmeasure>
									<altitude>189</altitude>
									<rate>106</rate>
								</cmeasure><cmeasure>
									<altitude>232</altitude>
									<rate>64</rate>
								</cmeasure><cmeasure>
									<altitude>239</altitude>
									<rate>57</rate>
								</cmeasure><cmeasure>
									<altitude>273</altitude>
									<rate>25</rate>
								</cmeasure><cmeasure>
									<altitude>297</altitude>
									<rate>0</rate>
								</cmeasure>
    </climb>
    <turn>
      <turnData flapPosition="none">
        <radius>195.29</radius>
        <degPerSec>20.40</degPerSec>
        <speed>156.00</speed>
        <time>17.66</time>
      </turnData>
      <turnData flapPosition="full">
        <radius>158.44</radius>
        <degPerSec>19.30</degPerSec>
        <speed>120.00</speed>
        <time>18.63</time>
      </turnData>
    </turn> 		

	</performance>
</aircraft>